Dates,FTSEPrice,MSCIPrice,VWOBid,VWOAsk,VWOPrice,EMFBid,EMFAsk,EMFVolume,EMFOI,FMEMOI,FMEMVolume,EMFPrice,FMEMBid,FMEMAsk,FMEMTrade,VWOAdjBid,VWOAdjAsk,VWOAdjPrice,EMFAdjBid,EMFAdjAsk,EMFAdjPrice,FMEMAdjBid,FMEMAdjAsk,FMEMAdjPrice,VWOBuy10DRet,VWOSell10DRet,VWOTrade10DRet,EMFBuy10DRet,EMFSell10DRet,EMFTrade10DRet,FMEMBuy10DRet,FMEMSell10DRet,FMEMTrade10DRet,EMFBuyHedge,EMFSellHedge,EMFTradeHedge,FMEMBuyHedge,FMEMSellHedge,FMEMTradeHedge,EMFvsFMEM_BuyHedge,EMFvsFMEM_SellHedge,EMFvsFMEM_TradeHedge,FTSE10DRet,FTSE10PRet
6/13/2014,520.64,1049.14,43.61,43.55,43.63,511.8,513,1,1,211225,41988,517.35,1049.8,1052.6,1051.7,52332,52260,52356,51180,51300,51735,52490,52630,52585,-420,516,-504,#VALUE!,#VALUE!,-175,-465,290,-390,#VALUE!,#VALUE!,-329,51,-130,-114,#VALUE!,#VALUE!,215,-172,-0.003103196
6/16/2014,518.82,1046.28,43.33,43.33,43.4,511.8,513,2,1,200286,83526,513,1030.1,1038.9,1036.7,51996,51996,52080,51180,51300,51300,51505,51945,51835,-240,240,-228,255,-455,260,155,-1245,200,495,-695,-488,395,-1485,-428,100,-790,60,203,0.002088127
6/17/2014,517.21,1043.53,43.36,43.28,43.35,510.7,512.35,13,3,268579,85858,512.35,1036,1039.3,1038.4,52032,51936,52020,51070,51235,51235,51800,51965,51920,288,-96,240,#VALUE!,#VALUE!,325,450,-770,610,#VALUE!,#VALUE!,-85,354,-482,-370,#VALUE!,#VALUE!,-285,432,0.005749677
6/18/2014,518.29,1044.57,43.86,43.83,43.96,517.1,518.55,3,14,297090,56111,517.1,1048.6,1051,1048.2,52632,52596,52752,51710,51855,51710,52430,52550,52410,-60,192,-120,365,-625,510,240,-460,420,557,-685,-630,432,-520,-540,125,165,90,753,-0.004373933
6/19/2014,521.27,1049.94,43.59,43.59,43.6,514.9,515.6,41,8,317341,46302,514.95,1035,1044,1041.3,52308,52308,52320,51490,51560,51495,51750,52200,52065,504,-336,528,#VALUE!,#VALUE!,895,925,-1500,1120,#VALUE!,#VALUE!,-367,589,-996,-592,#VALUE!,#VALUE!,-225,575,-0.002620474
6/20/2014,518.99,1043.86,43.61,43.52,43.63,514.9,515.4,11,48,319171,16605,514.95,1037.6,1040.2,1039.4,52332,52224,52356,51490,51540,51495,51880,52010,51970,#VALUE!,#VALUE!,492,#VALUE!,#VALUE!,895,#VALUE!,#VALUE!,535,#VALUE!,#VALUE!,-403,#VALUE!,#VALUE!,-43,#VALUE!,#VALUE!,360,860,0.004945618
6/23/2014,517.63,1042.33,43.41,43.33,43.45,513.45,514.4,1,16,321593,13529,514.9,1036.1,1038.5,1037.5,52092,51996,52140,51345,51440,51490,51805,51925,51875,924,-804,852,#VALUE!,-1410,1150,#VALUE!,#VALUE!,1220,#VALUE!,-486,-298,#VALUE!,#VALUE!,-368,#VALUE!,#VALUE!,-70,1125,-0.005209635
6/24/2014,520.19,1048.14,42.93,43,43.02,513.2,514.05,56,6,322717,20605,514.05,1036.5,1039.9,1037.7,51516,51600,51624,51320,51405,51405,51825,51995,51885,1092,-1188,1464,1020,-1170,1135,880,-1140,965,-168,-78,329,-308,-48,499,-140,30,-170,868,0.00297596
6/25/2014,517.48,1041.78,43.11,42.99,43.12,514.6,514.75,50,62,324978,17343,514.1,1037.6,1040.9,1039.7,51732,51588,51744,51460,51475,51410,51880,52045,51985,1416,-1248,1344,1325,-1395,1330,1120,-1620,1195,77,21,14,-128,-204,149,-51,-183,-135,967,-0.000192671
6/26/2014,519.02,1046.81,43.09,43.05,43.14,514.85,515.3,35,107,323856,13164,514.1,1037.2,1042.4,1040.9,51708,51660,51768,51485,51530,51410,51860,52120,52045,1020,-936,960,890,-1050,1125,635,-1170,870,-46,-30,-165,-301,-150,90,-255,-120,75,898,0.003719263
6/27/2014,518.92,1046.18,43.2,43.18,43.21,515.9,517.05,#N/A N/A,92,324904,14292,515.6,1043.3,1044,1043.9,51840,51816,51852,51590,51705,51560,52165,52200,52195,960,-876,996,830,-1055,975,575,-810,675,-46,-95,21,-301,150,321,-255,-55,-300,824,0.001305558
6/30/2014,520.85,1050.78,43.13,43.13,43.21,515.55,516.35,10,85,334661,18334,515.6,1042,1055,1040.7,51756,51756,51852,51555,51635,51560,52100,52750,52035,1428,-1356,1368,1240,-1440,1315,150,-1400,1225,-116,-12,53,-1206,28,143,-1090,-16,-90,881,0.008225797
7/1/2014,521.53,1051.39,43.52,43.44,43.55,522.2,523.35,#N/A N/A,45,327074,12949,NA,1048.3,1051.4,1050.6,52224,52128,52260,52220,52335,51560,52415,52570,52530,984,-828,924,#VALUE!,#VALUE!,1315,550,-795,690,#VALUE!,#VALUE!,-391,-278,189,234,#VALUE!,#VALUE!,157,963,0.00228215
7/2/2014,525.82,1060.57,43.78,43.7,43.86,522.2,523.35,19,35,318351,15410,522.2,1055.8,1057.8,1056.6,52536,52440,52632,52220,52335,52220,52790,52890,52830,840,-744,720,725,-955,840,310,-960,585,-19,-115,-120,-434,-120,135,-415,-5,-15,611,0.003529278
7/3/2014,527.02,1062.18,44.01,43.87,44.04,524.25,527.55,#N/A N/A,49,317618,12110,523.9,1062.5,1065,1063.7,52812,52644,52848,52425,52755,52390,53125,53250,53185,-384,564,-576,#VALUE!,#VALUE!,-205,-1250,715,-790,#VALUE!,#VALUE!,-371,-686,331,214,#VALUE!,#VALUE!,157,199,-1.89E-05
7/4/2014,527.59,1062.4,NA,NA,NA,524.25,527.55,11,43,318356,1406,523.9,#N/A N/A,#N/A N/A,1050.1,52920,52896,52848,52425,52755,52390,52875,52965,52505,#VALUE!,#VALUE!,288,#VALUE!,#VALUE!,490,#VALUE!,#VALUE!,685,#VALUE!,#VALUE!,-202,#VALUE!,#VALUE!,-397,#VALUE!,#VALUE!,-195,206,-0.003252217
7/7/2014,528.88,1064.33,44.1,44.08,44.16,524.25,527.55,#N/A N/A,35,321088,11647,526.4,#N/A N/A,#N/A N/A,1061.9,52920,52896,52992,52425,52755,52640,52875,52965,53095,372,-348,336,265,#VALUE!,380,#VALUE!,#VALUE!,280,-83,#VALUE!,-44,#VALUE!,#VALUE!,56,#VALUE!,#VALUE!,-12,86,0.001612444
7/8/2014,528.87,1064.73,43.91,43.92,44.24,524.25,524.9,6,13,322243,12371,525.4,1057.5,1059.3,1057,52692,52704,53088,52425,52490,52540,52875,52965,52850,1116,-1068,756,1085,-1270,1035,820,-1075,1035,17,-154,-279,-248,41,-279,-231,113,0,665,-0.001590909
7/9/2014,527.15,1060.93,44.17,44.15,44.24,528,528.55,11,19,322982,10172,527.4,1063.3,1070,1063.6,53004,52980,53088,52800,52855,52740,53165,53500,53180,852,-852,828,745,-920,860,305,-745,690,-107,-68,-32,-547,107,138,-440,-39,-106,1022,0.004742393
7/10/2014,528,1062.37,43.9,43.87,43.94,524.2,525.35,10,15,327653,18476,525.35,1055.1,1060.6,1058.3,52680,52644,52728,52420,52535,52535,52755,53030,52915,1452,-1344,1404,1285,-1520,1285,#VALUE!,#VALUE!,1220,-59,-68,119,#VALUE!,#VALUE!,184,#VALUE!,#VALUE!,-65,1150,0.002832005
7/11/2014,527.16,1058.67,43.98,43.93,44.04,525.35,526.45,10,25,328241,12461,525.35,1055.5,1059.5,1057.4,52776,52716,52848,52535,52645,52535,52775,52975,52870,1164,-1104,1080,995,-1225,1225,940,-1470,1070,-109,-61,-145,-164,-306,10,-55,-245,135,1049,0.001449657
7/14/2014,529.66,1063.66,44.32,44.26,44.35,528.75,529.95,#N/A N/A,27,330550,8302,528.75,1058,1070,1065.2,53184,53112,53220,52875,52995,52875,52900,53500,53260,1056,-912,960,945,-1185,1065,695,-1525,1070,33,-129,-105,-217,-469,-110,-184,-340,-5,759,-0.005489444
7/15/2014,531.16,1066.35,44.26,44.21,44.32,528.65,529.5,3,17,333541,17096,528.75,1062.4,1064.2,1064.4,53112,53052,53184,52865,52950,52875,53120,53210,53220,624,-468,540,515,-695,690,665,-875,755,47,-71,-150,197,-251,-215,-150,-180,-65,572,0.001209807
7/16/2014,531.93,1066.83,44.4,44.4,44.46,530.6,531.75,46,20,338488,11727,530.6,1064,1075,1068.3,53280,53280,53352,53060,53175,53060,53200,53750,53415,120,-48,96,70,-300,315,-145,-560,295,22,-180,-219,-193,-440,-199,-171,-260,20,297,0.000169924
7/17/2014,529.01,1062.59,43.55,43.54,43.56,520.75,521.85,#N/A N/A,66,343074,18813,521.85,1040,1048.2,1047.9,52260,52248,52272,52075,52185,52185,52000,52410,52395,216,-156,264,120,-325,235,#VALUE!,#VALUE!,335,-36,-109,29,#VALUE!,#VALUE!,-71,#VALUE!,#VALUE!,-42,-59,0.010911013
7/18/2014,529.65,1063.26,44.23,44.16,44.28,528.8,529.95,2,66,344354,11404,528.8,1062.1,1065.4,1063.8,53076,52992,53136,52880,52995,52880,53105,53270,53190,-216,372,-324,-465,255,-370,-335,-395,-95,-93,39,46,37,-611,-229,56,-572,-183,-343,0.003454586
7/21/2014,529.74,1063.26,44.39,44.39,44.44,530.2,531.4,#N/A N/A,68,344730,13151,530.2,1066.1,1068.9,1067.5,53268,53268,53328,53020,53140,53020,53305,53445,53375,102,-12,84,#VALUE!,#VALUE!,-510,-695,-310,225,#VALUE!,#VALUE!,594,-707,-208,-141,#VALUE!,#VALUE!,453,122,0.003963749
7/22/2014,535.52,1074.48,44.85,44.8,44.87,535.75,536.95,40,64,345050,13337,535.75,1075.7,1079,1077.7,53820,53760,53844,53575,53695,53575,53785,53950,53885,-1188,1344,-1224,-1335,1120,-1050,-1185,105,-1115,9,-68,-174,159,-1083,-109,-150,-1015,65,-762,-0.003429101
7/23/2014,537.37,1077.7,44.86,44.88,44.93,536,537.2,7,104,346434,9415,536,1076.1,1078.2,1077.4,53832,53856,53916,53600,53720,53600,53805,53910,53870,-1656,1656,-1620,-1640,1405,-1470,-1650,1255,-1480,16,-251,-150,6,-401,-140,10,-150,10,-1227,-0.000743978
7/24/2014,539.5,1080.85,45.08,45.02,45.11,538.2,539.4,20,71,348317,15534,538.2,#N/A N/A,#N/A N/A,1082.7,54096,54024,54132,53820,53940,53820,53915,54245,54135,-2064,2172,-2148,-2125,1895,-1895,#VALUE!,#VALUE!,-1955,47,-169,-253,#VALUE!,#VALUE!,-193,#VALUE!,#VALUE!,60,-1675,-0.000688692
7/25/2014,537.65,1078.69,44.9,44.9,44.94,536.4,537.6,2,37,348000,17272,537.6,1078.3,1084.9,1078.8,53880,53880,53928,53640,53760,53760,53915,54245,53940,-1344,1488,-1392,-1505,1270,-1505,-1735,1240,-1290,-17,-74,113,-247,-104,-102,-230,-30,11,-1703,-0.003687975
7/28/2014,537.25,1079.24,45.14,45.08,45.15,539.4,540.6,#N/A N/A,39,361325,22295,539.4,1083.9,1088.5,1086.6,54168,54096,54180,53940,54060,53940,54195,54425,54330,-804,888,-852,-970,750,-850,-1150,695,-930,-82,-54,-2,-262,-109,78,-180,-55,-76,-852,-0.012114414
7/29/2014,536.88,1080.54,44.73,44.65,44.77,534.65,535.6,2,39,360002,10511,535.65,1077.5,1079.9,1079.5,53676,53580,53724,53465,53560,53565,53875,53995,53975,-276,372,-324,-495,280,-475,-590,275,-505,-123,4,151,-218,-1,181,-95,3,-30,-677,-0.004163355
7/30/2014,534.9,1078.75,44.5,44.44,44.54,532.45,533.6,7,41,351067,26192,533.75,1072.1,1075.2,1074.2,53400,53328,53448,53245,53360,53375,53605,53760,53710,204,-132,168,30,-205,15,-225,-645,-25,-102,-1,153,-357,-441,193,-255,-440,-40,-236,0.009007639
7/31/2014,528.42,1065.77,43.72,43.68,43.78,523.05,524,1,44,346007,27776,524.2,#N/A N/A,#N/A N/A,1054.6,52464,52416,52536,52305,52400,52420,52935,53500,52730,1152,-1080,1104,1025,-1180,995,#VALUE!,#VALUE!,1035,-55,-28,109,#VALUE!,#VALUE!,69,#VALUE!,#VALUE!,40,467,-0.005763146
8/1/2014,526.22,1060.13,43.98,43.92,44.01,525.3,526.25,#N/A N/A,38,350597,27690,525.1,1058.7,1070,1061.9,52776,52704,52812,52530,52625,52510,52935,53500,53095,792,-744,756,715,-885,905,#VALUE!,#VALUE!,575,-29,-93,-149,#VALUE!,#VALUE!,181,#VALUE!,#VALUE!,-32,828,-0.005304035
8/4/2014,530.96,1069.3,44.475,44.4,44.51,523.6,524.55,22,37,356509,31375,NA,1055,1072.3,1072,53370,53280,53412,52360,52455,52510,52750,53615,53600,768,-690,708,#VALUE!,#VALUE!,1310,55,-1500,535,#VALUE!,#VALUE!,-602,-635,-732,173,#VALUE!,#VALUE!,429,580,-0.004475338
8/5/2014,527.9,1063.11,43.81,43.73,43.85,523.6,524.55,46,59,354790,28967,525.25,1055.3,1073.6,1055.4,52572,52476,52620,52360,52455,52525,52765,53680,52770,1884,-1728,1752,1685,-1860,1575,625,-1675,1620,-43,24,177,-1103,209,132,-1060,-185,45,1244,-0.004074605
8/6/2014,525.1,1056.77,43.5,43.48,43.58,520.8,521.95,#N/A N/A,61,340902,35504,521.3,1045.2,1051,1047.8,52200,52176,52296,52080,52195,52130,52260,52550,52390,2100,-2004,2016,1845,-2040,1970,1465,-2220,1920,-159,60,46,-539,-120,96,-380,-60,-50,1596,0.015577581
8/7/2014,522.75,1051.22,43.3,43.27,43.32,518.15,519.25,1,35,339027,24725,519.25,1041.3,1044.3,1043.6,51960,51924,51984,51815,51925,51925,52065,52215,52180,2304,-2220,2316,2035,-2230,2175,1835,-2075,1870,-185,74,141,-385,229,446,-200,-155,-305,1827,0.002610028
8/8/2014,520.62,1045.51,43.78,43.66,43.78,522.55,523.7,5,24,336288,20280,522.55,1050.2,1053.5,1053,52536,52392,52536,52255,52370,52255,52510,52675,52650,1596,-1428,1572,1440,-1560,1585,1130,-1640,1270,12,36,-13,-298,-44,302,-286,-8,-289,1980,0.004583954
8/11/2014,528.73,1061.41,44.41,44.4,44.44,530.9,531.9,13,29,344648,33254,530.9,1065.5,1070,1068,53292,53280,53328,53090,53190,53090,53275,53500,53400,1164,-1104,1104,975,-1115,1060,580,-1095,950,-129,49,44,-524,69,154,-395,-20,-110,1356,0.001032786
8/12/2014,530.11,1064.42,44.42,44.42,44.5,530.65,531.85,5,38,348120,19359,530.9,1068.1,1072,1069.4,53304,53304,53400,53065,53185,53090,53405,53600,53470,1440,-1380,1392,1305,-1505,1380,925,-1345,1180,-75,-65,12,-455,95,212,-380,-30,-200,1287,0.002644957
8/13/2014,532.54,1070.87,44.61,44.61,44.68,533.9,534.5,49,43,342141,30445,533.9,1070.7,1085,1073.7,53532,53532,53616,53390,53450,53390,53535,54250,53685,1488,-1428,1500,1315,-1405,1375,530,-1400,1215,-113,83,125,-898,88,285,-785,-5,-160,1352,0.004228251
8/14/2014,533.09,1072.37,44.64,44.62,44.7,534.25,534.85,26,85,343058,14419,534.15,1073.1,1083.8,1075.3,53568,53544,53640,53425,53485,53415,53655,54190,53765,972,-936,960,780,-955,965,#VALUE!,#VALUE!,615,-156,17,-5,#VALUE!,#VALUE!,345,#VALUE!,#VALUE!,-340,923,0.006669648
8/15/2014,534.5,1074.51,44.58,44.6,44.64,533.4,534.15,16,72,344670,15846,534.15,#N/A N/A,#N/A N/A,1073.4,53496,53520,53568,53340,53415,53415,53670,54250,53670,960,-864,948,745,-905,830,#VALUE!,#VALUE!,620,-119,55,118,#VALUE!,#VALUE!,328,#VALUE!,#VALUE!,-210,853,0.001332494
8/18/2014,536.76,1077.07,45.04,45.05,45.1,538.2,539.4,10,43,344507,11959,538.2,1073.4,1085,1082.7,54048,54060,54120,53820,53940,53820,53670,54250,54135,#VALUE!,#VALUE!,396,#VALUE!,#VALUE!,425,#VALUE!,#VALUE!,155,#VALUE!,#VALUE!,-29,#VALUE!,#VALUE!,241,#VALUE!,#VALUE!,-212,827,-7.39E-05
8/19/2014,540.34,1084.45,45.3,45.25,45.31,541.4,542.2,39,47,344626,12656,541,1086.1,1088.8,1087.8,54360,54300,54372,54140,54220,54100,54305,54440,54390,288,-132,204,85,-280,205,-265,25,-145,-47,8,-1,-397,313,349,-350,-305,-348,438,-0.001109016
8/20/2014,541.06,1085.08,45.23,45.17,45.26,540.4,541.2,22,76,345869,13271,541,1080.3,1089.6,1086.2,54276,54204,54312,54040,54120,54100,54015,54480,54310,1296,-1116,1224,1045,-1200,1065,#VALUE!,#VALUE!,675,-71,96,159,#VALUE!,#VALUE!,549,#VALUE!,#VALUE!,-390,1208,0.003460272
8/21/2014,541.02,1081.93,45.19,45.15,45.25,539.6,540.45,21,71,346570,16206,541,1081,1082.8,1081,54228,54180,54300,53960,54045,54100,54050,54140,54050,1080,-960,1044,925,-1090,955,160,-995,810,-35,-10,89,-800,85,234,-765,-75,-145,1102,0.001272382
8/22/2014,540.42,1083.07,44.99,44.97,45.09,538.1,538.15,54,84,346473,12344,538.4,1076.1,1083,1078.4,53988,53964,54108,53810,53815,53840,53805,54150,53920,1824,-1692,1680,1625,-1750,1600,615,-1505,1340,-67,74,80,-1077,319,340,-1010,-245,-260,1050,0.0056724
8/25/2014,542.29,1085.29,45.37,45.33,45.36,541.65,542.05,#N/A N/A,109,346739,8970,541.5,1081.6,1087.4,1087,54444,54396,54432,54165,54205,54150,54080,54370,54350,744,-708,804,680,-750,855,165,-575,315,-28,-6,-51,-543,169,489,-515,-163,-438,781,-0.006849064
8/26/2014,542.98,1087.77,45.62,45.57,45.66,544.9,545.7,32,89,346164,11711,544.7,1090.5,1095,1093,54744,54684,54792,54490,54570,54470,54525,54750,54650,-216,324,-240,-335,165,-145,-820,215,-645,-11,-51,-95,-496,-1,405,-485,50,-310,274,0.00130919
8/27/2014,546.06,1093.74,45.85,45.8,45.93,547.65,547.95,16,72,347332,11446,547.65,1095.6,1098.7,1098,55020,54960,55116,54765,54795,54765,54780,54935,54900,-732,780,-816,-840,695,-695,-1305,795,-1115,-60,-37,-121,-525,63,299,-465,-26,-178,-756,0.003112167
8/28/2014,542.32,1086.98,45.43,45.42,45.5,542.65,543.8,14,56,345734,12439,543.8,#N/A N/A,#N/A N/A,1087.6,54516,54504,54600,54265,54380,54380,54220,54935,54380,-660,768,-732,-800,635,-750,#VALUE!,#VALUE!,-925,-32,-25,18,#VALUE!,#VALUE!,193,#VALUE!,#VALUE!,-175,-537,0.015457483
8/29/2014,543.03,1087.88,45.4,45.3,45.43,541.6,542.45,75,55,343364,33526,542.45,1084.4,1098.7,1085.8,54480,54360,54516,54160,54245,54245,54220,54935,54290,-1248,1428,-1356,-1355,1190,-1315,-3130,895,-1430,73,-58,-41,-1702,-353,74,-1629,-295,-33,-1124,-0.001988647
9/1/2014,545.03,1090.57,NA,NA,NA,543.05,544.2,50,128,343364,2331,NA,#N/A N/A,#N/A N/A,1085.8,54588,54492,54516,54305,54420,54245,54175,54280,54290,#VALUE!,#VALUE!,-1524,#VALUE!,#VALUE!,-1525,#VALUE!,#VALUE!,-1695,#VALUE!,#VALUE!,1,#VALUE!,#VALUE!,171,#VALUE!,#VALUE!,-170,-1604,-0.002028838
9/2/2014,544.72,1086.73,45.49,45.41,45.48,543.05,544.2,12,153,337660,25405,543.05,1083.5,1085.6,1084.9,54588,54492,54576,54305,54420,54305,54175,54280,54245,-936,1068,-936,-1090,895,-975,-1490,880,-1055,-22,-41,39,-422,-56,119,-400,-15,-80,-1718,-0.001488419
9/3/2014,553.14,1100.98,46.25,46.16,46.28,551.65,552.4,34,95,342427,19587,551.65,#N/A N/A,#N/A N/A,1099.7,55500,55392,55536,55165,55240,55165,54300,55045,54985,-2352,2544,-2412,-2450,2335,-2235,#VALUE!,#VALUE!,-2280,94,-17,-177,#VALUE!,#VALUE!,-132,#VALUE!,#VALUE!,45,-2191,-0.007962189
9/4/2014,552.04,1100.23,46.05,45.99,46.12,549.7,550.5,119,121,342041,29419,550.55,1086,1100.9,1097.2,55260,55188,55344,54970,55050,55055,54300,55045,54860,-2028,2148,-2076,#VALUE!,#VALUE!,-1725,-2255,1340,-2065,#VALUE!,#VALUE!,-351,-107,-688,-11,#VALUE!,#VALUE!,340,-2221,-0.013230228
9/5/2014,550.92,1096.83,46.49,46.4,46.49,554.4,555.6,10,212,340153,31788,554.4,1095.3,1106.2,1105.2,55788,55680,55788,55440,55560,55440,54765,55310,55260,-2916,3096,-3024,#VALUE!,#VALUE!,-2591,-3060,2260,-2820,#VALUE!,#VALUE!,-433,36,-656,-204,#VALUE!,#VALUE!,229,-2243,-0.002878366
9/8/2014,550.1,1094.99,45.95,45.96,46.03,548.85,549.15,#N/A N/A,87,340125,24890,550.05,1090.7,1093.1,1093.3,55140,55152,55236,54885,54915,55005,54535,54655,54665,-3168,3228,-3204,-3325,3180,-2015,-3130,2840,-3080,-97,12,-1189,98,-328,-124,-1,-316,1065,-2878,-0.009609833
9/9/2014,545.72,1087.54,45.39,45.35,45.46,542.35,543.25,39,87,330741,44278,543.25,1078.6,1086.2,1080.1,54468,54420,54552,54235,54325,54325,53930,54310,54005,-2772,2928,-2916,-3130,2935,-3025,-3310,2155,-2680,-202,163,109,-382,-617,-236,-180,-454,-127,-2822,-0.005265236
9/10/2014,538.5,1075.22,45.19,45.2,45.25,539.55,540.7,12,126,308429,47552,540.7,1072.6,1079.7,1075.7,54228,54240,54300,53955,54070,54070,53630,53985,53785,-2328,2400,-2400,-2010,1835,-2010,-2005,1510,-1730,390,-493,-390,395,-818,-670,-5,-325,-280,-1965,-0.002741073
9/11/2014,536.95,1069.43,44.87,44.79,44.89,535.8,536.3,4,85,275995,67753,536.3,1067,1070,1069.1,53844,53748,53868,53580,53630,53630,53350,53500,53455,-3036,3120,-3012,-2805,2645,-2695,#VALUE!,#VALUE!,-2550,315,-391,-317,#VALUE!,#VALUE!,-462,#VALUE!,#VALUE!,-145,-2363,0.00699473
9/12/2014,531.79,1061.53,44.26,44.21,44.3,528.9,529.7,16,69,216955,85598,529.3,1036.1,1066.5,1057.2,53112,53052,53160,52890,52970,52930,51805,53325,52860,-2016,2112,-2052,-1760,1565,-1720,-2315,530,-1725,352,-451,-332,-203,-1486,-327,149,-1035,5,-1883,-0.002635393
9/15/2014,528.99,1055.78,44.07,44.06,44.16,526.8,527.2,#N/A N/A,85,227029,84242,527.2,1051.2,1055.5,1051.9,52884,52872,52992,52680,52720,52720,52560,52775,52595,-2928,2940,-2988,-2580,2460,-2500,-2680,2385,-2515,360,-468,-488,260,-543,-473,100,-75,15,-2368,-0.002529113
9/16/2014,527.54,1054.07,44.63,44.6,44.7,533.3,534.1,#N/A N/A,69,301032,112944,533.3,1055.8,1065.9,1063.8,53556,53520,53640,53330,53410,53330,52790,53295,53190,-3468,3612,-3576,-3190,3030,-3040,-3385,2630,-3055,422,-438,-536,227,-838,-521,195,-400,15,-2391,-0.013566955
9/17/2014,531.23,1062.39,44.2,44.13,44.27,527.9,528.3,24,24,335046,72011,529.3,1052.9,1056,1054.1,53040,52956,53124,52790,52830,52930,52645,52800,52705,-3864,3948,-3924,-3530,3380,-3520,-3800,3380,-3650,418,-484,-404,148,-484,-274,270,0,130,-3046,-0.007327553
9/18/2014,529.83,1056.37,44.3,44.26,44.39,515.9,517.05,26,24,349133,28759,533.3,1055.8,1059.2,1055.9,53160,53112,53268,51590,51705,53330,52790,52960,52795,-3720,3864,-3804,#VALUE!,#VALUE!,-3750,-3650,2940,-3475,#VALUE!,#VALUE!,-54,214,-780,-329,#VALUE!,#VALUE!,-275,-3053,0.002608696
9/19/2014,528.49,1053.92,43.97,43.91,43.97,511.95,513,#N/A N/A,40,353406,20881,528.49,1045,1050.1,1048.8,52764,52692,52764,51590,51705,52849,52250,52505,52440,-2892,3012,-2892,#VALUE!,#VALUE!,-2794,-2860,2450,-2680,#VALUE!,#VALUE!,-98,152,-442,-212,#VALUE!,#VALUE!,-114,-2653,-0.010658186
9/22/2014,521.32,1040.29,43.32,43.26,43.36,515.9,517.05,8,30,350228,26798,529.9,1030.5,1033.9,1031.7,51984,51912,52032,51590,51705,52990,51525,51695,51585,-1224,1404,-1344,-895,660,-2180,-1595,1045,-1155,509,-564,836,-191,-179,-189,318,385,647,-1093,-0.000701317
9/23/2014,517.5,1032.79,43.04,42.95,43.03,511.95,513,18,38,348809,34331,513,1020,1035.5,1026.5,51648,51540,51636,51195,51300,51300,51000,51775,51325,-1344,1416,-1368,-900,660,-765,-2025,1020,-1355,516,-684,-603,-609,-324,-13,-93,360,590,-715,-0.014913444
9/24/2014,518.85,1035.31,43.26,43.19,43.25,520.6,521.2,#N/A N/A,36,350067,18758,520.6,1039.6,1042.4,1041.1,51912,51828,51900,52060,52120,52060,51980,52120,52055,-864,984,-864,-950,785,-890,-2370,1135,-1395,34,-79,26,-1386,271,531,-1352,-192,-505,-1393,-0.003324692
9/25/2014,513.32,1025.63,42.26,42.27,42.38,508.25,509.35,80,20,350653,24297,509.35,#N/A N/A,#N/A N/A,1018.1,50712,50724,50856,50825,50935,50935,51010,51275,50905,-468,360,-456,-465,240,-350,#VALUE!,#VALUE!,-1075,-105,-228,-106,#VALUE!,#VALUE!,619,#VALUE!,#VALUE!,-513,-262,-0.005678772
9/26/2014,512.96,1023.91,42.53,42.5,42.59,512.1,513.25,90,100,346669,24352,512.1,1020.2,1025.5,1022.7,51036,51000,51108,51210,51325,51210,51010,51275,51135,-1884,2112,-2076,-2155,1950,-1950,-3025,1510,-2415,-43,66,-126,-913,-374,339,-870,-308,-213,-1216,-0.002935479
9/29/2014,505.31,1009.43,41.62,41.62,41.67,501.4,502.2,60,114,344939,27175,502.2,1001.9,1003.5,1001.6,49944,49944,50004,50140,50220,50220,50095,50175,50080,-228,348,-324,#VALUE!,#VALUE!,-960,-1150,670,-865,#VALUE!,#VALUE!,636,-802,442,541,#VALUE!,#VALUE!,95,-338,0.005327458
9/30/2014,503.63,1005.33,41.71,41.62,41.72,502.2,503,40,144,342758,31676,502.9,998.2,1003.2,1002.7,50052,49944,50064,50220,50300,50290,49910,50160,50135,0,108,-12,-180,45,-170,-725,-90,-635,-72,45,158,-617,-90,623,-545,-45,-465,-187,0.016794167
10/1/2014,500.77,996.86,40.91,40.91,41,493,494.1,4,112,341796,40728,494.1,980,985.3,981.1,49092,49092,49200,49300,49410,49410,49000,49265,49055,156,168,-48,-295,5,-115,-840,-15,-165,-127,161,67,-672,141,117,-545,20,-50,-432,-7.84E-05
10/2/2014,499.3,992.53,41.16,41.08,41.22,495.8,496.7,20,106,339856,32608,495.8,986.2,997,986.4,49392,49296,49464,49580,49670,49580,49310,49850,49320,-540,816,-792,-890,630,-630,-2300,315,-885,-74,90,-162,-1484,-225,93,-1410,-135,69,-980,-0.010639757
10/3/2014,501.96,997.27,41.5,41.46,41.56,500.55,500.85,30,50,340862,28237,500.55,992.9,996,995.2,49800,49752,49872,50055,50085,50055,49645,49800,49760,-372,432,-408,-565,400,-535,-1000,580,-815,-133,28,127,-568,208,407,-435,-180,-280,-770,0.011447358
10/6/2014,510.39,1010.32,42.24,42.15,42.24,508.1,509.3,42,72,341062,25163,508.1,1002,1009.6,1008.6,50688,50580,50688,50810,50930,50810,50100,50480,50430,-1164,1224,-1152,-1320,1080,-1200,-1925,700,-1350,-96,-84,48,-701,-464,198,-605,-380,-150,-1522,-0.019385158
10/7/2014,510.35,1010.86,41.83,41.86,41.89,504,505.35,24,76,337792,19865,505.35,995,999.6,999.4,50196,50232,50268,50400,50535,50535,49750,49980,49970,-588,540,-504,-730,490,-730,-765,250,-650,-190,-98,226,-225,-338,146,-35,-240,80,-1467,0.00225639
10/8/2014,504.92,998.76,42.47,42.44,42.53,511.7,512.75,14,66,335698,35129,511.7,995,1016.9,1013.2,50964,50928,51036,51170,51275,51170,49750,50845,50660,-1680,1656,-1656,-1835,1620,-1620,-1865,400,-1645,-179,-60,-36,-209,-1280,-11,-30,-1220,25,-721,-0.000338693
10/9/2014,510.7,1008.33,41.88,41.96,42,504.7,505.85,#N/A N/A,72,331744,41240,505.85,990.1,1010,996.6,50256,50352,50400,50470,50585,50585,49505,50500,49830,-1056,960,-1008,-1180,945,-1060,-1945,405,-815,-220,-111,52,-985,-651,-193,-765,-540,-141,-1561,-0.010582749
10/10/2014,500.8,989.87,40.93,40.77,40.86,491.7,492.6,#N/A N/A,52,330659,36273,492.6,965,990,974.4,49116,48924,49032,49170,49260,49260,48250,49500,48720,840,-636,816,575,-785,575,-470,-1195,635,-61,55,241,-1106,-355,181,-1045,-300,60,-397,-0.013999396
10/13/2014,501.93,991.49,41.43,41.33,41.4,501.2,501.75,106,52,332288,35066,NA,980.5,988.5,984.3,49716,49596,49680,50120,50175,49260,49025,49425,49215,-348,504,-432,#VALUE!,#VALUE!,165,-595,-120,-215,#VALUE!,#VALUE!,-597,-91,-468,-217,#VALUE!,#VALUE!,380,-957,0.009724208
10/14/2014,501.76,992.08,41.62,41.62,41.71,501.2,501.75,62,158,332817,36690,501.2,988.7,1000,990,49944,49944,50052,50120,50175,50120,49435,50000,49500,336,-336,324,225,-390,280,#VALUE!,#VALUE!,455,-111,-54,44,#VALUE!,#VALUE!,-131,#VALUE!,#VALUE!,-87,-73,0.001841136
10/15/2014,496.45,982.6,41.04,40.77,40.96,491.15,492.95,44,148,339934,58702,492.95,968.5,980.3,977.8,49248,48924,49152,49115,49295,49295,48425,49015,48890,1260,-816,996,855,-1155,975,595,-1565,1055,39,105,21,-221,-305,-59,-182,-200,-38,935,0.001029949
10/16/2014,489.5,970.65,40.63,40.48,40.56,487.8,489.5,32,78,344579,53832,489.5,951,979.9,968.7,48756,48576,48672,48780,48950,48950,47550,48995,48435,2184,-1980,2136,1920,-2200,1920,1295,-3150,2050,-60,-16,216,-685,-966,86,-625,-950,130,1852,0.004095384
10/17/2014,494.26,976.76,41.15,41.14,41.22,495.2,496.55,68,66,341181,27034,495.2,976,981.3,978.9,49380,49368,49464,49520,49655,49520,48800,49065,48945,1800,-1680,1680,1500,-1750,1635,1335,-2200,1735,-180,50,45,-345,-400,-55,-165,-350,-10,1902,-0.00526411
10/20/2014,495.17,981.5,41.18,41.22,41.28,496.1,497.3,#N/A N/A,110,339236,14992,496.1,971.1,988,981.6,49416,49464,49536,49610,49730,49610,48555,49400,49080,1356,-1308,1284,1135,-1340,1340,685,-1760,1200,-173,16,-56,-623,-404,84,-450,-388,-28,1572,0.003514513
10/21/2014,495.68,981.78,41.37,41.38,41.47,498.05,499.1,40,42,337722,27584,498.05,984.3,990,986.4,49644,49656,49764,49805,49910,49805,49215,49500,49320,1212,-1176,1104,1045,-1265,1150,555,-1295,920,-131,-53,-46,-621,-83,184,-490,-30,-138,1464,-0.008997041
10/22/2014,497.71,987.09,41.04,41.09,41.15,494.4,495.5,20,82,335351,31953,495.5,979.6,987,980.3,49248,49308,49380,49440,49550,49550,48980,49350,49015,1260,-1296,1260,1130,-1350,1240,405,-1020,855,-166,-90,20,-891,240,405,-725,-150,-385,847,0.017609067
10/23/2014,495.09,981.75,41.08,41.08,41.16,494.05,495.25,20,72,337239,22166,495.25,971.1,982,980.3,49296,49296,49392,49405,49525,49525,48555,49100,49015,552,-576,540,445,-680,560,205,-945,255,-131,-128,-20,-371,-393,285,-240,-265,-265,635,0.009520388
10/24/2014,496.83,984.38,41.47,41.46,41.54,498.35,499.55,#N/A N/A,72,336691,15905,498.35,980.6,988.9,987.1,49764,49752,49848,49835,49955,49835,49030,49445,49355,420,-288,300,255,-510,375,-40,-820,230,-33,-90,-75,-328,-400,70,-295,-310,5,347,0.004389087
10/27/2014,492.36,977.8,41.04,41.01,41.04,492.8,494.25,#N/A N/A,62,338038,21351,494.25,976.6,982.9,980,49248,49212,49248,49280,49425,49425,48830,49145,49000,996,-924,1032,895,-1095,895,465,-1310,740,-29,-99,137,-459,-314,292,-430,-215,-155,1208,0.010353923
10/28/2014,501.03,992.54,41.9,41.9,41.98,504,505.1,150,62,338241,21216,504,#N/A N/A,#N/A N/A,999.1,50280,50280,50376,50400,50510,50400,49610,49990,49955,12,24,-12,-105,-120,5,#VALUE!,#VALUE!,-290,-81,-108,-17,#VALUE!,#VALUE!,278,#VALUE!,#VALUE!,-261,179,-0.004656328
10/29/2014,505.8,1004.88,41.82,41.72,41.79,501.5,502.7,51,212,338808,19888,502.7,992.2,999.8,998.9,50184,50064,50148,50150,50270,50270,49610,49990,49945,84,36,96,10,-205,85,-630,-125,-405,46,-121,11,-594,-41,501,-548,80,-490,-130,-0.0011157
10/30/2014,508.02,1007.54,42.3,42.28,42.34,508.7,509.8,#N/A N/A,173,337766,17722,508.7,1005.8,1014,1009.7,50760,50736,50808,50870,50980,50870,50290,50700,50485,-708,804,-792,-875,670,-670,-1475,600,-1045,-71,-38,-122,-671,-108,253,-600,-70,-131,-517,-0.008112557
10/31/2014,513.28,1016.07,42.64,42.55,42.62,511.55,512.7,#N/A N/A,162,339216,43916,511.55,1008,1020,1013.6,51168,51060,51144,51155,51270,51155,50400,51000,50680,-504,672,-540,-620,490,-505,-1255,150,-840,52,-14,-35,-583,-354,300,-531,-340,-265,-1071,-0.009364258
11/3/2014,510.89,1010.37,42.35,42.27,42.35,508.65,509.5,10,112,339540,22059,509.5,1001.7,1006.3,1005.6,50820,50724,50820,50865,50950,50950,50085,50315,50280,-804,912,-828,-940,785,-870,-1085,555,-965,-28,-19,42,-173,-249,137,-145,-230,-95,-1168,-0.002273452
11/4/2014,510.32,1007.11,42.39,42.35,42.39,509.55,510.7,48,122,339718,21005,509.55,1001.1,1010.2,1004.8,50868,50820,50868,50955,51070,50955,50055,50510,50240,-648,792,-684,-830,655,-715,-1035,500,-665,-38,7,31,-243,-148,-19,-205,-141,12,-985,0.008275035
11/5/2014,506.18,998.44,42.14,42.12,42.2,506.8,507.9,20,160,339569,24746,507.9,995.1,1000,997.4,50568,50544,50640,50680,50790,50790,49755,50000,49870,-276,336,-252,-460,310,-460,-860,130,-285,-124,34,208,-524,-146,33,-400,-112,175,-459,-0.003211482
11/6/2014,501.44,991.32,41.54,41.56,41.61,499.7,500.85,20,98,339808,16157,500.85,986.1,990,985.4,49848,49872,49932,49970,50085,50085,49305,49500,49270,312,-348,336,230,-400,230,-20,-345,195,-118,-88,106,-368,-33,141,-250,55,-35,117,0.003341156
11/7/2014,500.3,987.65,41.81,41.71,41.79,502.1,503.45,10,98,339189,17786,502.1,988.1,997,991.7,50172,50052,50148,50210,50345,50210,49405,49850,49585,1680,-1488,1620,1485,-1700,1605,1020,-1690,1450,-3,-20,15,-468,-10,170,-465,10,-155,1027,-0.003270565
11/10/2014,504.44,997.66,41.84,41.81,41.9,503.2,503.75,#N/A N/A,68,338173,19456,503.2,992.2,1002.8,994.8,50208,50172,50280,50320,50375,50320,49610,50140,49740,1164,-1044,1080,965,-1070,1070,260,-1190,900,-79,94,10,-784,-26,180,-705,68,-170,910,-0.000556826
11/11/2014,502.82,993.69,41.91,41.88,41.97,504.05,505.2,24,48,336346,12990,504.05,987,1000,993.3,50292,50256,50364,50405,50520,50405,49350,50000,49665,744,-696,720,620,-795,795,155,-1220,585,-76,-51,-75,-541,-476,135,-465,-425,-60,963,-0.006685636
11/12/2014,504.5,996.06,41.79,41.79,41.87,502.8,503.55,2,72,338054,14991,503.55,987.2,994.7,990.8,50148,50148,50244,50280,50355,50355,49360,49735,49540,1380,-1344,1272,1215,-1400,1215,1160,-1640,1350,-129,-20,57,-184,-260,-78,-55,-240,-21,913,0.002523988
11/13/2014,502.85,992.72,41.69,41.63,41.68,501.05,502,#N/A N/A,46,340465,14721,502,984.5,993.8,988.8,50028,49956,50016,50105,50200,50200,49225,49690,49440,#VALUE!,#VALUE!,1500,#VALUE!,#VALUE!,1000,#VALUE!,#VALUE!,1450,#VALUE!,#VALUE!,500,#VALUE!,#VALUE!,50,#VALUE!,#VALUE!,450,1006,0.002237896
11/14/2014,502.57,990.81,42.13,42.08,42.17,506.5,506.65,10,46,338687,17213,506.5,994.9,1005,996.8,50556,50496,50604,50650,50665,50650,49745,50250,49840,108,156,648,-30,-255,255,#VALUE!,#VALUE!,75,126,-147,393,#VALUE!,#VALUE!,573,#VALUE!,#VALUE!,-180,654,0.002033533
11/17/2014,499.21,985.88,41.6,41.59,41.66,500.1,500.8,36,56,337715,16654,500.8,984.6,990.6,986.3,49920,49908,49992,50010,50080,50080,49230,49530,49315,-234,300,-276,-225,110,-180,-775,-85,-265,75,-124,-96,-475,-319,-11,-400,-195,85,-49,0.015837329
11/18/2014,500.47,988.66,41.81,41.73,41.82,502.4,503,60,92,337958,17288,502.4,989.5,991.1,991.5,50172,50076,50184,50240,50300,50240,49475,49555,49575,-420,552,-516,-510,335,-340,-790,25,-515,42,-85,-176,-238,-395,-1,-196,-310,175,-250,0.005817028
11/19/2014,501.59,989.91,41.89,41.86,41.99,503.3,503.7,#N/A N/A,92,341493,24932,503.3,982.8,992.5,991.7,50268,50232,50388,50330,50370,50330,49140,49625,49585,-324,648,-240,-370,270,-330,-690,-290,-400,278,-54,90,-42,-614,160,236,-560,-70,-208,-0.002122522
11/20/2014,502.61,990.1,41.82,41.83,41.89,503.15,503.7,#N/A N/A,78,339695,18852,503.15,989.6,993,989.3,50184,50196,50268,50315,50370,50315,49480,49650,49465,-348,324,-312,-375,185,-315,-695,55,-200,-51,-163,3,-371,-293,-112,-320,-130,-109,-298,0.002302664
11/21/2014,510.57,1004.35,43.11,43.05,43.14,518.3,519.1,#N/A N/A,78,339099,41257,518.15,1017.4,1021.9,1020.7,51732,51660,51768,51830,51910,51815,50870,51095,51035,-1848,1908,-1836,-1955,1760,-1815,-1905,1045,-1805,-47,-88,-21,3,-803,-31,44,-715,-10,-1215,-0.008800109
11/24/2014,513.54,1011.23,42.78,42.71,42.8,513.4,513.9,137,78,338091,21786,513.9,1008,1016,1012.8,51336,51252,51360,51340,51390,51390,50400,50800,50640,-2244,2376,-2304,-2270,2145,-2195,-2310,1800,-2110,106,-99,-109,66,-444,-194,40,-345,-85,-1997,-0.020408163
11/25/2014,512.45,1009.1,42.5,42.49,42.57,511.4,512,50,88,334447,27593,512,1003.1,1011.4,1005,51000,50988,51084,51140,51200,51200,50155,50570,50250,-2532,2640,-2628,-2715,2520,-2580,-2535,1720,-2150,-75,-12,-48,105,-812,-478,-30,-800,-430,-2569,-0.00150385
11/26/2014,513.63,1011.97,42.94,42.91,42.93,515.7,516.8,20,123,330025,33498,515.7,1017.9,1020,1017.8,51528,51492,51516,51570,51680,51570,50895,51000,50890,-3732,3816,-3720,-3810,3630,-3630,#VALUE!,#VALUE!,-3525,6,-102,-90,#VALUE!,#VALUE!,-195,#VALUE!,#VALUE!,-105,-2967,0.003092556
11/27/2014,512.91,1012.62,NA,NA,NA,506.35,509.05,#N/A N/A,80,330025,4275,512,#N/A N/A,#N/A N/A,1017.8,50604,50400,51516,50635,50905,51200,48755,49315,50890,#VALUE!,#VALUE!,-4260,#VALUE!,#VALUE!,-3685,#VALUE!,#VALUE!,-3950,#VALUE!,#VALUE!,-575,#VALUE!,#VALUE!,-310,#VALUE!,#VALUE!,265,-3474,0.000240235
11/28/2014,509.11,1004.72,42.17,42,42.71,506.35,509.05,#N/A N/A,80,324288,26110,509.05,#N/A N/A,#N/A N/A,998.3,50604,50400,51252,50635,50905,50905,48755,49315,49915,-3792,4152,-4704,-4325,3900,-4170,#VALUE!,#VALUE!,-3775,-173,108,-534,#VALUE!,#VALUE!,-929,#VALUE!,#VALUE!,-395,-3553,-0.002421792
12/1/2014,498.72,985.08,41.395,41.35,41.43,498.55,499,#N/A N/A,65,323393,27424,499,975.1,986.3,981,49674,49620,49716,49855,49900,49900,48755,49315,49050,-3948,4014,-3984,-4115,3970,-4015,-4145,2365,-3540,-101,22,31,-131,-1583,-444,-30,-1561,-413,-3364,-0.009730749
12/2/2014,497.97,984.49,41.38,41.35,41.39,497.9,499.05,20,65,323508,19855,499,975.3,989,981.2,49656,49620,49668,49790,49905,49900,48765,49450,49060,-4368,4488,-4404,-4465,4195,-4305,-4450,2800,-3900,23,-173,-99,38,-1568,-504,-15,-1395,-405,-4145,-0.013797435
12/3/2014,499.51,985.89,41.59,41.35,41.79,500,500.6,20,85,323113,19058,500,978.7,988.6,983.7,49908,49620,50148,50000,50060,50000,48935,49430,49185,-2964,3264,-3408,-3270,3015,-3210,-3480,2435,-2850,-6,51,-198,-216,-529,-558,-210,-478,-360,-3757,-0.005752321
12/4/2014,499.63,986.91,41.54,41.55,41.63,499.95,501.3,56,92,320719,17585,500,979.1,988.5,985.3,49848,49860,49956,49995,50130,50000,48955,49425,49265,-2484,2388,-2448,#VALUE!,#VALUE!,-2690,-2475,1910,-2365,#VALUE!,#VALUE!,242,-87,-574,-83,#VALUE!,#VALUE!,159,-2718,-0.011963799
12/5/2014,498.42,985.68,41.51,41.52,41.61,499.55,500.7,#N/A N/A,128,320523,15399,500,983.8,996.5,984.6,49812,49824,49932,49955,50070,50000,49190,49825,49230,-2220,2256,-2280,-3100,1985,-3030,-2640,450,-1950,-844,-235,750,-384,-1770,-330,460,-1535,420,-2179,-0.009599097
12/8/2014,493.57,976.84,40.84,40.8,40.88,491.2,491.95,40,101,319060,23369,491.95,969.8,972,970.6,49008,48960,49056,49120,49195,49195,48490,48600,48530,-948,1068,-1020,#VALUE!,#VALUE!,-2225,-710,390,-595,#VALUE!,#VALUE!,1205,358,-558,-425,#VALUE!,#VALUE!,780,-1092,-0.017948393
12/9/2014,486.76,965.41,40.38,40.3,40.38,484.85,486.2,20,116,311649,49454,486.2,960.7,968.7,962,48456,48360,48456,48485,48620,48620,48035,48435,48100,-732,864,-780,-790,565,-790,#VALUE!,#VALUE!,-565,74,-167,10,#VALUE!,#VALUE!,-215,#VALUE!,#VALUE!,-205,-646,-0.018405436
12/10/2014,483.96,958.67,39.8,39.76,39.83,478.7,479.4,10,107,299515,48238,479.4,#N/A N/A,#N/A N/A,947.3,47760,47712,47796,47870,47940,47940,46760,47255,47365,12,1764,24,-80,-165,-80,#VALUE!,#VALUE!,175,1684,-153,104,#VALUE!,#VALUE!,-151,#VALUE!,#VALUE!,-47,-456,0.011872426
12/11/2014,478.17,946.04,39.43,39.31,39.38,474.6,475.15,#N/A N/A,117,280944,68095,475.15,935.2,945.1,938.8,47316,47172,47256,47460,47515,47515,46760,47255,46940,#VALUE!,#VALUE!,564,#VALUE!,#VALUE!,345,#VALUE!,#VALUE!,600,#VALUE!,#VALUE!,219,#VALUE!,#VALUE!,-36,#VALUE!,#VALUE!,183,88,0.022751873
12/12/2014,473.58,938.41,38.84,38.71,38.79,465.8,467.35,100,117,259849,94158,467.35,900,940.5,922.8,46608,46452,46548,46580,46735,46735,45000,47025,46140,1596,-1392,1584,#VALUE!,#VALUE!,1125,775,-3455,1855,#VALUE!,#VALUE!,459,-617,-1859,-271,#VALUE!,#VALUE!,188,630,0.008847497
12/15/2014,465.08,924.06,38.06,38.05,38.11,457.85,458.85,53,53,217217,120034,458.85,903.4,927.8,910.2,45672,45660,45732,45785,45885,45885,45170,46390,45510,2232,-2148,2424,2225,-2435,2225,1365,-3020,2290,77,-203,199,-783,-788,134,-706,-585,65,1954,0.012630342
12/16/2014,456.52,909.98,37.71,37.64,37.72,454.4,455.95,#N/A N/A,53,273200,137359,455.95,900,919.3,903.2,45252,45168,45264,45440,45595,45595,45000,45965,45160,2856,-2760,2760,2670,-2880,2670,1790,-3145,2670,-90,-24,90,-970,-289,90,-880,-265,0,2673,-0.004868953
12/17/2014,461.94,918.15,38.88,38.87,38.95,467.9,469.85,117,37,331051,104581,467.9,919,930,926.7,46656,46644,46740,46790,46985,46790,45950,46500,46335,1380,-1284,1296,1235,-1590,1475,1235,-2425,1550,-49,-210,-179,-49,-1045,-254,0,-835,-75,2260,-0.001873829
12/18/2014,472.45,935.12,39.48,39.55,39.59,469.7,479.7,80,74,325994,51094,473.1,939,940.9,938,47376,47460,47508,46970,47970,47310,46950,47045,46900,#VALUE!,#VALUE!,528,#VALUE!,#VALUE!,955,#VALUE!,#VALUE!,985,#VALUE!,#VALUE!,-427,#VALUE!,#VALUE!,-457,#VALUE!,#VALUE!,-30,#VALUE!,0.001001252
12/19/2014,476.63,944.6,39.67,39.63,39.71,469.7,479.7,#N/A N/A,74,326202,47429,469.7,943.7,974.8,945.6,47604,47556,47652,46970,47970,46970,47185,48740,47280,-84,276,-228,-325,-740,740,-1760,-540,-90,-49,-824,-968,-1484,-624,-138,-1435,200,830,657,0.009877469
12/22/2014,482.65,957.57,40.01,39.95,40.03,478.3,479.2,10,74,323295,23837,469.7,957.8,962,958.7,48012,47940,48036,47830,47920,46970,47890,48100,47935,-1224,1296,-1224,#VALUE!,#VALUE!,115,-1850,1370,-1570,#VALUE!,#VALUE!,-1339,-554,146,346,#VALUE!,#VALUE!,993,-573,-0.002826957
12/23/2014,480.3,951.95,39.69,39.66,39.73,478.3,479.2,80,84,326609,20427,478.3,#N/A N/A,#N/A N/A,950.7,47628,47592,47676,47830,47920,47830,47800,48455,47535,-1104,1188,-1140,-1225,985,-985,#VALUE!,#VALUE!,-1435,-37,-119,-155,#VALUE!,#VALUE!,295,#VALUE!,#VALUE!,-140,-665,0.002669426
12/24/2014,479.4,951.19,39.77,38.33,39.85,478.6,480.35,30,84,326430,7776,478.6,#N/A N/A,#N/A N/A,950.8,47724,45996,47820,47860,48035,47860,47800,48455,47540,1560,192,-216,-260,-30,-85,#VALUE!,#VALUE!,-395,-68,1530,-131,#VALUE!,#VALUE!,179,#VALUE!,#VALUE!,-48,-216,-0.00276551
12/25/2014,479.05,950.61,NA,NA,NA,481.1,482.2,10,114,326430,7776,NA,NA,NA,NA,48048,48000,47820,48110,48220,47860,47800,48455,47540,#VALUE!,#VALUE!,576,#VALUE!,#VALUE!,750,#VALUE!,#VALUE!,430,#VALUE!,#VALUE!,-174,#VALUE!,#VALUE!,146,#VALUE!,#VALUE!,28,695,-0.012996689
12/26/2014,479.88,952.53,40.04,40,40.11,482.65,483.2,10,67,327289,6801,NA,956,969.1,959.9,48048,48000,48132,48110,48220,47860,47800,48455,47995,120,0,0,#VALUE!,#VALUE!,555,-775,-150,-160,#VALUE!,#VALUE!,-555,-775,-30,160,#VALUE!,#VALUE!,395,640,-0.006856496
12/29/2014,484.62,958.7,39.91,39.85,40.13,481.1,482.2,#N/A N/A,57,329346,17692,481.1,955.1,963.8,956,47892,47820,48156,48110,48220,48110,47755,48190,47800,-132,240,-408,-245,40,-40,-770,150,-340,-5,-92,-368,-530,18,-68,-525,74,300,-191,0.007579436
12/30/2014,483.25,954.58,40.02,40.01,40.02,482.65,483.2,#N/A N/A,41,331393,17983,482.65,955.1,962.9,956.6,48024,48012,48024,48265,48320,48265,47755,48145,47830,12,36,48,-45,-100,10,-725,-270,25,-9,-88,38,-689,-258,23,-680,-170,15,185,0.018355544
12/31/2014,484.54,956.31,40.02,39.95,40.03,482.2,483.8,10,41,333808,20996,482.65,954.7,967.5,957.7,48024,47940,48036,48220,48380,48265,47735,48375,47885,-96,156,-72,-195,-75,10,-850,-15,-305,-39,-171,-82,-694,-111,233,-655,60,-151,-174,0.000576132
1/1/2015,484.54,956.28,NA,NA,NA,476.45,477.1,50,51,333808,20996,NA,NA,NA,NA,47472,47328,48036,47645,47710,48265,46980,47725,47885,#VALUE!,#VALUE!,48,#VALUE!,#VALUE!,10,#VALUE!,#VALUE!,-180,#VALUE!,#VALUE!,38,#VALUE!,#VALUE!,228,#VALUE!,#VALUE!,-190,#VALUE!,-0.007341449
1/2/2015,483.2,953.72,39.56,39.44,39.52,476.45,477.1,#N/A N/A,91,329474,27815,477.1,939.6,954.5,943.8,47472,47328,47424,47645,47710,47710,46980,47725,47190,1140,-960,1104,1035,-1220,705,305,-1315,975,75,-80,399,-655,-175,129,-580,-95,270,225,0.004951213
1/5/2015,476.92,940.69,38.93,38.93,39.01,470.3,470.85,30,61,327252,31696,470.85,925,930.4,927.3,46716,46716,46812,47030,47085,47085,46250,46520,46365,#VALUE!,#VALUE!,1716,#VALUE!,#VALUE!,1330,#VALUE!,#VALUE!,1800,#VALUE!,#VALUE!,386,#VALUE!,#VALUE!,-84,#VALUE!,#VALUE!,302,506,-0.00474129
1/6/2015,473.65,934.73,38.74,38.7,38.78,466.95,468.45,78,81,334401,30048,468.45,918.2,924.6,922,46488,46440,46536,46695,46845,46845,45910,46230,46100,1860,-1776,1824,1750,-2015,1750,1775,-2205,1960,-26,-155,74,-1,-345,-136,25,-190,-62,1141,0.006524441
1/7/2015,477.24,941.18,39.63,39.61,39.67,477.75,478.9,#N/A N/A,129,335836,29456,477.75,938.2,946.9,942.9,47556,47532,47604,47775,47890,47775,46910,47345,47145,1848,-1812,1860,1885,-2075,2000,1640,-2445,2000,73,-227,-140,-172,-597,-140,-99,-370,0,1773,-0.001028912
1/8/2015,486,958.83,40.3,40.25,40.33,486.1,486.65,#N/A N/A,85,335658,20120,486.1,952.7,965,959.4,48360,48300,48396,48610,48665,48610,47635,48250,47970,2124,-1992,2052,2040,-2235,2095,1700,-2525,2160,48,-111,-43,-292,-401,-108,-244,-290,-65,1388,-0.000803378
1/9/2015,486.28,961.37,40.1,40.04,40.11,483.25,484.15,30,85,335631,19721,484.15,953.6,959,956.7,48120,48048,48132,48325,48415,48415,47680,47950,47835,1944,-1776,1860,1825,-2050,1960,1645,-3545,1880,49,-106,-100,-131,-1601,-20,-82,-1495,80,1707,0.020430462
1/12/2015,482.71,955.53,39.74,39.71,39.79,479.75,480.7,186,115,335897,17330,480.7,948.4,952.1,949.2,47688,47652,47748,47975,48070,48070,47420,47605,47460,2400,-2364,2388,2250,-2485,2390,1885,-2320,2285,-114,-85,-2,-479,80,103,-365,5,-101,1934,0.009919793
1/13/2015,485.1,959.89,40.02,39.99,40.06,482.75,483.65,66,271,338563,28631,482.75,948.4,960.5,957.1,48024,47988,48072,48275,48365,48275,47420,48025,47855,1800,-1860,1908,1805,-2035,2035,1415,-2240,1570,-55,-235,-127,-445,-440,338,-390,-205,-211,1725,0.006941666
1/14/2015,482.8,955.73,39.87,39.89,39.97,481.85,482.95,50,191,342321,31339,482.75,950.5,955,951.6,47844,47868,47964,48185,48295,48275,47525,47750,47580,1332,-1224,1212,1090,-1350,1260,1000,-2075,1295,-134,-18,-48,-224,-743,-83,-90,-725,-35,1727,-0.002582696
1/15/2015,485.95,959.97,39.99,39.99,40.07,482.65,483.9,#N/A N/A,141,340084,27221,482.75,948.8,954.4,954.1,47988,47988,48084,48265,48390,48275,47440,47720,47705,1260,-1260,1272,1220,-1480,1470,730,-2460,1240,-40,-220,-198,-530,-1200,32,-490,-980,166,861,0.00059755
1/16/2015,485.45,957.46,40.39,40.36,40.44,487.45,488.65,10,87,338290,28513,484.15,960.6,965.9,963.3,48468,48432,48528,48745,48865,48415,48030,48295,48165,-504,528,-492,-545,310,20,-745,250,-590,-17,-194,-512,-217,-254,98,-200,-60,414,251,-0.004538668
1/19/2015,481.98,952.51,NA,NA,NA,485.95,487.1,10,97,338810,2154,484.15,#N/A N/A,#N/A N/A,963.3,48300,48264,48528,48595,48710,48415,48005,48115,48165,#VALUE!,#VALUE!,372,#VALUE!,#VALUE!,755,#VALUE!,#VALUE!,265,#VALUE!,#VALUE!,-383,#VALUE!,#VALUE!,107,#VALUE!,#VALUE!,276,759,-0.011018457
1/20/2015,485.06,957.28,40.25,40.22,40.3,485.95,487.1,10,107,346614,41533,485.95,960.1,962.3,961.2,48300,48264,48360,48595,48710,48595,48005,48115,48060,1380,-1260,1296,1200,-1435,1315,1225,-1385,1275,-60,-55,-19,-35,-5,21,25,50,-2,1087,-0.013345196
1/21/2015,494.97,976.07,41.15,41.14,41.22,497.75,498.5,10,107,347557,37453,497.75,979.7,987.1,982.9,49380,49368,49464,49775,49850,49775,48985,49355,49145,-60,240,-168,-390,170,-170,-580,-515,-100,-150,110,2,-340,-575,-68,-190,-465,-66,182,0.003299451
1/22/2015,499.88,983.53,42.02,41.96,42.04,507.05,508.45,#N/A N/A,117,371706,56007,507.05,999,1003.2,1002.6,50424,50352,50448,50705,50845,50705,49950,50160,50130,-672,828,-756,-930,655,-790,-845,305,-720,-102,-17,34,-17,-367,-36,85,-350,-2,-123,0.012990992
1/23/2015,503.35,990.89,41.66,41.58,41.66,502.4,503.75,#N/A N/A,117,375530,30195,503.75,991.9,1024.5,994.3,49992,49896,49992,50240,50375,50375,49595,51225,49715,-1032,1116,-1044,-1155,875,-1010,-2720,795,-1125,-39,-157,-34,-1604,-237,81,-1565,-80,-47,-736,0.001734116
1/26/2015,502.05,988.71,41.71,41.71,41.78,503.2,504.6,28,117,373589,25137,504.6,989.8,994.8,994.9,50052,50052,50136,50320,50460,50460,49490,49740,49745,-1248,1272,-1260,-1400,1095,-1235,-1675,765,-1300,-128,-153,-25,-403,-483,40,-275,-330,-15,-878,0.003744037
1/27/2015,502.35,989.83,41.49,41.57,41.65,501.7,503.1,2,145,366405,26132,503.1,988.8,993.2,988.5,49788,49884,49980,50170,50310,50310,49440,49660,49425,-1164,1140,-1224,-1340,1045,-1185,-1610,845,-1075,-200,-119,-39,-470,-319,-149,-270,-200,-110,-1245,-0.005334403
1/28/2015,500.07,984.65,41,40.89,40.98,493.85,495.35,2,121,365797,23101,495.35,975,992,977.5,49200,49068,49176,49385,49535,49535,48750,49600,48875,-564,720,-612,-760,470,-620,-1620,200,-895,-40,-94,8,-900,-364,283,-860,-270,-275,-1266,-0.005483982
1/29/2015,494.56,973.19,41.04,41.04,41.13,496.1,497.45,6,121,365688,29100,497.45,969,998,978.9,49248,49248,49356,49610,49745,49745,48450,49900,48945,384,-336,336,100,-335,100,-1395,-600,75,-236,49,236,-1731,-216,261,-1495,-167,-25,-6,-0.006831958
1/30/2015,487.96,961.61,39.94,39.95,40.03,483.2,484.35,6,125,361586,33845,484.35,951,955.6,951.5,47928,47940,48036,48320,48435,48435,47550,47780,47575,2196,-2172,2148,1895,-2145,1895,#VALUE!,#VALUE!,2010,-277,51,253,#VALUE!,#VALUE!,138,#VALUE!,#VALUE!,115,1354,-0.00508267
2/2/2015,489.57,963.8,40.65,40.66,40.75,491.7,492.95,#N/A N/A,119,362979,37003,491.7,966.5,969,968.6,48780,48792,48900,49170,49295,49170,48325,48450,48430,#VALUE!,#VALUE!,1284,#VALUE!,#VALUE!,1160,#VALUE!,#VALUE!,1155,#VALUE!,#VALUE!,124,#VALUE!,#VALUE!,129,#VALUE!,#VALUE!,-5,1076,0.014546275
2/3/2015,495.93,976.5,41.37,41.3,41.38,499.1,500.3,47,113,363042,32109,499.1,986.8,987.8,986.7,49644,49560,49656,49910,50030,49910,49340,49390,49335,420,-276,360,145,-405,405,#VALUE!,#VALUE!,140,-131,15,-45,#VALUE!,#VALUE!,220,#VALUE!,#VALUE!,-175,384,0.014155713
2/4/2015,496.79,980.82,41.09,40.95,41.08,494.6,496.05,#N/A N/A,160,362644,24771,496.05,975.5,990,980.9,49308,49140,49296,49460,49605,49605,48775,49500,49045,888,-648,756,620,-945,710,-500,-720,415,-28,-57,46,-1148,168,341,-1120,-111,-295,415,-0.003449651
2/5/2015,498.65,982.21,41.4,41.33,41.41,499.15,500.5,10,76,363793,19953,499.15,986.3,992.9,988.2,49680,49596,49692,49915,50050,49915,49315,49645,49410,276,-144,216,45,-195,195,-630,-180,-180,-99,81,21,-774,96,396,-675,-15,-375,230,0.002341077
2/6/2015,495.99,978.57,40.72,40.73,40.79,492.2,493.65,27,86,366303,28495,493.65,970.1,976,971.8,48864,48876,48948,49220,49365,49365,48505,48800,48590,1248,-1200,1212,925,-1235,925,210,-1385,1000,-275,13,287,-990,-137,212,-715,-124,75,444,2.00E-05
2/9/2015,493.27,972.83,40.67,40.65,40.73,490.6,492.25,12,113,361151,30544,492.25,961.3,974.5,968.9,48804,48780,48876,49060,49225,49225,48065,48725,48445,864,-780,804,695,-900,735,345,-1070,630,-85,-36,69,-435,-206,174,-350,-170,-105,677,-0.001038028
2/10/2015,489.9,966.83,40.6,40.54,40.63,489.7,491.25,79,104,359298,20487,491.25,961,971.9,967,48720,48648,48756,48970,49125,49125,48050,48595,48350,1680,-1560,1572,1445,-1665,1445,1165,-1790,1410,-115,15,127,-395,-110,162,-280,-95,-35,1230,-0.00077933
2/11/2015,487.41,961.21,40.42,40.4,40.47,487.75,489.15,29,161,359505,27690,489.15,959.6,971,959.6,48504,48480,48564,48775,48915,48915,47980,48550,47980,1680,-1584,1632,1435,-1715,1575,1000,-1730,1660,-149,-35,57,-584,-50,-28,-435,-15,29,1620,0.004319654
2/12/2015,494.5,971.19,41.36,41.32,41.41,498.45,499.45,13,105,360862,18824,498.45,970.1,981,980.4,49632,49584,49692,49845,49945,49845,48505,49050,49020,540,-468,504,410,-625,625,530,-1220,620,-58,-85,-121,62,-680,-116,-4,-595,5,958,0.002807646
2/13/2015,501.5,986.65,41.78,41.75,41.82,503.3,504.65,#N/A N/A,92,360567,21354,503.3,#N/A N/A,#N/A N/A,991.7,50136,50100,50184,50330,50465,50330,49000,49495,49585,60,-36,96,-20,-260,140,#VALUE!,#VALUE!,10,-56,-200,-44,#VALUE!,#VALUE!,86,#VALUE!,#VALUE!,-42,149,0.000933262
2/16/2015,500.33,984.09,NA,NA,NA,501.75,503.15,4,86,357853,2538,NA,#N/A N/A,#N/A N/A,991.7,49980,49920,50184,50175,50315,50330,49000,49495,49585,#VALUE!,#VALUE!,-84,#VALUE!,#VALUE!,100,#VALUE!,#VALUE!,-10,#VALUE!,#VALUE!,-184,#VALUE!,#VALUE!,-74,#VALUE!,#VALUE!,110,153,-0.002162355
2/17/2015,499.77,983.12,41.65,41.6,41.68,501.75,503.15,236,90,357514,25934,503.15,#N/A N/A,#N/A N/A,989.5,49980,49920,50016,50175,50315,50315,49000,49495,49475,-288,444,-384,-430,230,-370,#VALUE!,#VALUE!,-310,14,-58,-14,#VALUE!,#VALUE!,-74,#VALUE!,#VALUE!,-60,22,-0.002246566
2/18/2015,500.94,985.01,41.69,41.63,41.71,502.25,504.05,#N/A N/A,123,357103,24834,503.15,980,989.9,989.2,50028,49956,50052,50225,50405,50315,49000,49495,49460,-900,1032,-960,-1125,900,-990,-945,425,-785,-93,0,30,87,-475,-175,6,-475,-145,-682,-0.003726139
2/19/2015,500.95,985.07,41.56,41.52,41.59,500.95,501.1,23,78,358279,13851,501.1,980.3,989.9,984.6,49872,49824,49908,50095,50110,50110,49015,49495,49230,-864,960,-900,-935,810,-825,-1335,190,-635,25,-54,-75,-375,-674,-265,-350,-620,-190,-763,-0.011740235
2/20/2015,500.43,984.42,41.77,41.72,41.8,502.9,504.55,17,101,361220,20630,502.9,980.2,997.8,991.8,50124,50064,50160,50290,50455,50290,49010,49890,49590,-1896,1956,-1896,-2030,1725,-1725,-2080,985,-1680,-74,-171,-171,-124,-911,-216,-50,-740,-45,-1001,-0.00161904
2/23/2015,500.04,983.47,41.37,41.32,41.4,499.2,499.6,2,105,356911,27234,499.6,981.4,982.7,981.5,49644,49584,49680,49920,49960,49960,49070,49135,49075,-1608,1728,-1668,-1765,1595,-1635,-1635,1170,-1355,-37,-13,-33,93,-438,-313,-56,-425,-280,-1499,-0.005878537
2/24/2015,502.2,987.89,41.94,41.9,41.94,505.7,506.35,#N/A N/A,101,351379,36753,505.7,995.2,996.8,995.2,50328,50280,50328,50570,50635,50570,49760,49840,49760,-3299,3432,-3324,-3490,3290,-3290,-3485,2930,-3175,-58,-9,-34,-53,-369,-149,5,-360,-115,-2509,-0.010949798
2/25/2015,503.61,992.8,41.8,41.74,41.83,503.5,504.9,#N/A N/A,96,349986,28661,504.9,991,994.2,992.8,50160,50088,50196,50350,50490,50490,49550,49710,49640,-2736,2856,-2796,-2940,2695,-2835,-2730,2305,-2650,-84,-41,39,126,-431,-146,-42,-390,-107,-2669,-0.016369446
2/26/2015,504.08,993.82,41.77,41.75,41.83,503.55,504.7,72,96,349352,19446,504.7,991.6,994.5,992.8,50124,50100,50196,50355,50470,50470,49580,49725,49640,-2484,2604,-2544,-2665,2425,-2540,-3325,2080,-2395,-61,-59,-4,-721,-404,-149,-660,-345,-145,-2335,-0.000398231
2/27/2015,502.99,990.28,41.8,41.81,41.9,504.45,505.9,19,167,352614,42569,504.7,990,994.4,991.9,50160,50172,50280,50445,50590,50470,49500,49720,49595,-3132,3204,-3240,-3360,3100,-3125,-3320,#VALUE!,-2935,-156,-32,-115,-116,#VALUE!,-305,40,#VALUE!,-190,-2801,0.007988761
3/2/2015,501.86,988.26,41.74,41.69,41.75,502.95,504.3,83,95,352338,19937,504.3,987,994,991.5,50088,50028,50100,50295,50430,50430,49350,49700,49575,-2436,2640,-2544,-2675,2425,-2605,-3100,2060,-2320,-35,-11,61,-460,-376,-224,-425,-365,-163,-2614,-0.011960976
3/3/2015,499.99,986.2,41.36,41.28,41.36,498.85,499.45,36,159,349653,22610,499.45,970.5,985.9,983.3,49632,49536,49632,49885,49945,49945,48525,49295,49165,-1644,1752,-1680,-1830,1665,-1830,-2095,1080,-1750,-78,21,150,-343,-564,70,-265,-543,80,-2134,0.00155796
3/4/2015,494.12,976.27,40.88,40.83,40.91,492.8,493.25,28,129,349957,26685,493.25,971,971.5,973.5,49056,48996,49092,49280,49325,49325,48550,48575,48675,132,-96,204,-70,-310,-70,125,-950,-50,-166,-178,274,29,-818,254,137,-640,20,-1092,0.006159085
3/5/2015,493.32,974.57,40.8,40.76,40.84,491.75,492.85,7,137,351705,21183,492.85,963.2,976.5,971.9,48960,48912,49008,49175,49285,49285,48160,48825,48595,-648,672,-648,-1080,465,-575,-1085,-85,-830,-408,-183,-73,-413,-733,182,-5,-550,-109,-659,0.009505902
3/6/2015,490.42,971.23,40.14,40.14,40.22,484.25,485.65,20,92,352800,45317,485.65,956.2,960.5,958.2,48168,48168,48264,48425,48565,48565,47810,48025,47910,696,-648,648,-10,-255,-15,95,-785,535,-658,441,663,-553,-89,113,105,352,550,-61,0.007305464
3/9/2015,485.05,959.22,39.98,39.93,40.01,481.95,483.25,10,107,342786,35145,483.25,950,958,954.4,47976,47916,48012,48195,48325,48325,47500,47900,47720,1092,-972,1020,380,-645,385,445,-1205,865,-592,447,635,-527,-113,155,65,334,480,733,0.006327944
3/10/2015,477.11,943.73,39.151,39.08,39.17,471.45,472.8,#N/A N/A,126,337666,54546,472.8,927.1,936.6,931.7,46981,46896,47004,47145,47280,47280,46355,46830,46585,2304,-2207,2280,1685,-1960,1685,1955,-2570,2210,-522,344,595,-252,-266,70,270,78,525,1618,0.005246932
3/11/2015,476.92,943.03,39.46,39.42,39.5,475.5,476.55,#N/A N/A,126,326295,62555,476.55,939.6,944.9,939.8,47352,47304,47400,47550,47655,47655,46980,47245,46990,960,-936,948,500,-735,630,715,-1365,990,-436,225,318,-221,-405,-42,215,-180,276,1498,0.001848166
3/12/2015,480.73,948.52,39.68,39.6,39.71,478.05,479.3,153,126,298579,68906,479.3,928,950,944.9,47616,47520,47652,47805,47930,47930,46400,47500,47245,468,-336,384,-55,-185,60,-335,-1410,380,-391,283,324,-671,-942,4,-280,-659,320,468,-0.002817815
3/13/2015,474.98,939.56,39.2,39.13,39.2,472.3,473.45,70,126,255622,79988,473.45,928,#N/A N/A,933.2,47040,46956,47040,47230,47345,47345,46400,47290,46660,1140,-1020,1104,565,-845,645,#VALUE!,-1485,1095,-455,295,459,#VALUE!,-345,9,#VALUE!,-50,450,786,-0.013193739
3/16/2015,475.72,940.57,39.66,39.54,39.63,477.55,478.7,170,129,199639,120936,478.25,932,945.8,945.1,47592,47448,47556,47755,47870,47825,46600,47290,47255,1632,-1404,1524,1050,-1330,1095,1335,-2195,1500,-354,302,429,-69,-563,24,285,-261,405,1351,-0.005294493
3/17/2015,478.65,949.06,39.91,39.9,39.96,481.15,482.2,130,177,299985,146798,481.15,944,948.9,948.3,47892,47880,47952,48115,48220,48115,47200,47445,47415,1164,-1032,1056,595,-840,805,1110,-1600,1205,-437,324,251,78,-436,-149,359,-112,102,1343,0.013234198
3/18/2015,483.2,956.73,40.94,40.96,41.08,492.55,495.9,8,189,364062,113249,492.55,974,990,972.5,49128,49152,49296,49255,49590,49255,48700,49500,48625,552,-564,480,35,-510,370,-510,-740,580,-529,42,110,-1074,-188,-100,-545,-146,10,1435,0.005825481
3/19/2015,486.73,964.97,40.22,40.24,40.3,482.05,487.1,190,111,372018,48180,487.1,954.8,964.9,955.3,48264,48288,48360,48205,48710,48710,47740,48245,47765,2184,-2172,2124,1615,-2275,1615,1405,-2335,2210,-557,-91,509,-767,-151,-86,-210,-60,423,1603,0.011116079
3/20/2015,489.81,969.53,40.72,40.68,40.76,485.55,486.8,25,253,373792,28560,485.5,962.4,971.9,968.9,48864,48816,48912,48555,48680,48550,48120,48595,48445,#VALUE!,#VALUE!,1572,#VALUE!,#VALUE!,1775,#VALUE!,#VALUE!,1530,#VALUE!,#VALUE!,-203,#VALUE!,#VALUE!,42,#VALUE!,#VALUE!,161,1317,0.010471309
3/23/2015,492.38,975.38,40.84,40.79,40.86,487.05,488.4,8,152,370903,29611,487.1,966.9,974.1,971.7,49008,48948,49032,48705,48840,48710,48345,48705,48585,2136,-2040,2040,2145,-2415,2275,1710,-2545,2095,105,-279,-235,-330,-409,-55,-225,-130,180,1663,0.012431379
3/24/2015,493.29,978.25,41,40.99,41.07,489.65,491.05,#N/A N/A,135,371179,19233,489.65,975.7,978.5,975.9,49200,49188,49284,48965,49105,48965,48785,48925,48795,1776,-1704,1764,1800,-1990,1990,1400,-1805,1585,96,-214,-226,-304,-29,179,-208,185,47,1620,0.000943007
3/25/2015,491.9,976.15,40.22,40.24,40.29,481.55,482.85,#N/A N/A,127,372695,32048,482.85,959.2,966.9,959.6,48264,48288,48348,48155,48285,48285,47960,48345,47980,3708,-3720,3720,3625,-3950,3625,2710,-3535,3435,-95,-242,95,-1010,173,285,-915,69,-190,2596,0.016428193
3/26/2015,485.41,962.46,39.99,39.96,40.03,478.75,479.9,10,127,373726,50726,479.9,943.3,956.2,952.5,47988,47952,48036,47875,47990,47990,47165,47810,47625,4716,-4680,4668,4610,-4910,4610,4165,-4935,4350,-70,-194,58,-515,-219,318,-445,-25,-260,3744,0.009635809
3/27/2015,482.84,958.11,40.08,40.05,40.12,479.1,480.75,#N/A N/A,137,370588,36924,479.9,949.2,957.7,955.1,48096,48060,48144,47910,48075,47990,47460,47885,47755,4500,-4428,4476,4390,-4645,4565,4085,-5035,4255,-38,-145,-89,-343,-535,221,-305,-390,-132,4245,0.00466673
3/30/2015,489.23,968.91,40.9,40.83,40.9,489.2,490.85,2,137,370854,32886,489.2,972.5,975.9,975.1,49080,48996,49080,48920,49085,48920,48625,48795,48755,3384,-3264,3360,3230,-3485,3485,2805,-3620,2935,-34,-101,-125,-459,-236,425,-425,-135,-300,4020,0.007881361
3/31/2015,492.08,974.57,40.87,40.77,40.84,488.15,489.55,5,139,368042,46275,489.2,971.1,976,972.4,49044,48924,49008,48815,48955,48920,48555,48800,48620,3600,-3492,3624,3540,-3745,3575,#VALUE!,#VALUE!,3320,48,-145,49,#VALUE!,#VALUE!,304,#VALUE!,#VALUE!,-255,3377,-0.006761989
4/1/2015,497.55,982.93,41.42,41.41,41.48,496.25,497.65,5,142,370783,51558,496.25,979.8,988.8,984.1,49704,49692,49776,49625,49765,49625,48990,49440,49205,3144,-3096,3120,2965,-3160,3105,2450,-3500,3095,-131,-16,15,-646,-356,25,-515,-340,-10,2840,0.000190168
4/2/2015,502.76,992.86,42.06,42.03,42.07,503.25,504.8,#N/A N/A,145,363408,33913,503.25,993,1001.5,999.5,50472,50436,50484,50325,50480,50325,49650,50075,49975,2880,-2844,2928,2920,-3125,3075,2180,-3590,2770,76,-245,-147,-664,-710,158,-588,-465,-11,3053,0.013955699
4/3/2015,502.98,994.32,NA,NA,NA,509.85,511.2,74,135,362747,33913,NA,#N/A N/A,#N/A N/A,999.5,51084,51048,50484,50985,51120,50325,50415,50890,49975,#VALUE!,#VALUE!,1848,#VALUE!,#VALUE!,1905,#VALUE!,#VALUE!,1825,#VALUE!,#VALUE!,-57,#VALUE!,#VALUE!,23,#VALUE!,#VALUE!,34,2420,-0.011457181
4/6/2015,509.01,1005.86,42.57,42.54,42.56,509.85,511.2,81,189,362641,26667,509.85,1008.3,1017.8,1013.6,51084,51048,51072,50985,51120,50985,50415,50890,50680,1008,-828,948,765,-1055,1055,755,-1530,1060,-63,-47,-107,-73,-522,-112,-10,-475,-5,1222,-0.011286468
4/7/2015,509.49,1006.26,42.47,42.42,42.54,509.05,509.55,#N/A N/A,211,370486,27340,509.55,1006.5,1011.8,1007.6,50964,50904,51048,50905,50955,50955,50325,50590,50380,1560,-1464,1476,1430,-1530,1430,1370,-1925,1630,-34,30,46,-94,-365,-154,-60,-335,-108,1691,0.009918846
4/8/2015,517.86,1021.05,43.33,43.32,43.39,519.1,521.05,14,61,366630,34182,519.1,1021.1,1029.9,1028.3,51996,51984,52068,51910,52105,51910,51055,51495,51415,1092,-984,1008,815,-1160,1010,980,-1570,1190,-169,-68,-2,-4,-478,-182,165,-410,-180,1154,0.005699088
4/9/2015,522.85,1028.63,43.89,43.89,43.92,526,527.85,12,67,363735,32032,526,1039.5,1042,1039.5,52668,52668,52704,52600,52785,52600,51975,52100,51975,672,-624,696,480,-715,665,915,-1150,1030,-144,-43,31,291,-478,-334,-147,-435,-303,888,0.004401209
4/10/2015,525.29,1034.59,43.8,43.77,43.85,524.65,525.55,13,67,369448,38082,525.55,1039.4,1049.9,1040.2,52560,52524,52620,52465,52555,52555,51970,52495,52010,1080,-984,1020,970,-1110,970,505,-1205,1140,-14,-30,50,-479,-125,-120,-465,-95,-70,1056,0.007748293
4/13/2015,529.43,1041.46,43.65,43.62,43.7,523.15,524.05,#N/A N/A,59,368832,21728,524.05,1032,1044.9,1033.8,52380,52344,52440,52315,52405,52405,51600,52245,51690,1488,-1476,1512,1325,-1570,1325,770,-1860,1620,-151,-82,187,-706,-372,-108,-555,-290,79,901,0.004833442
4/14/2015,525.85,1036.77,43.77,43.78,43.86,524.95,525.6,#N/A N/A,56,369443,26415,524.95,#N/A N/A,#N/A N/A,1038.8,52524,52536,52632,52495,52560,52495,51890,52490,51940,1428,-1464,1452,1335,-1465,1400,#VALUE!,#VALUE!,1505,-129,-37,52,#VALUE!,#VALUE!,-53,#VALUE!,#VALUE!,-1,1422,0.003027264
4/15/2015,525.95,1036.87,44.03,44,44.08,527.3,527.85,12,56,367339,25089,527.3,1037.8,1049.8,1046,52836,52800,52896,52730,52785,52730,51890,52490,52300,588,-456,492,385,-645,645,-130,-905,465,-71,-57,-153,-586,-317,27,-515,-260,126,993,-0.007758254
4/16/2015,533.29,1052.25,44.43,44.43,44.51,534,534.5,#N/A N/A,68,372173,26684,534,1045.1,1064.8,1054.9,53316,53316,53412,53400,53450,53400,52255,53240,52745,-636,648,-636,-890,705,-705,-1335,155,-810,-242,69,69,-687,-481,174,-445,-412,-105,-328,-0.010953945
4/17/2015,527.18,1042.68,43.52,43.48,43.61,521.1,522.3,40,63,375450,42030,522.3,1028,1050,1036,52224,52176,52332,52110,52230,52230,51400,52500,51800,816,-756,660,600,-875,600,-595,-885,490,-156,-59,60,-1351,-69,170,-1195,-10,-110,175,-0.002037697
4/20/2015,521.23,1033.77,43.38,43.26,43.35,518.85,520.4,25,103,376784,18623,520.4,1032.9,1038.9,1034.8,52056,51912,52020,51885,52040,52040,51645,51945,51740,1344,-1152,1236,1040,-1290,1040,410,-1210,820,-112,54,196,-742,134,416,-630,-80,-220,947,0.003346379
4/21/2015,526.4,1042.21,43.72,43.69,43.77,523.85,524.35,2,93,375772,25377,523.85,1039.2,1045,1040.2,52464,52428,52524,52385,52435,52385,51960,52250,52010,276,-240,276,135,-310,310,-250,-585,5,-105,-34,-34,-490,-309,271,-385,-275,-237,423,-0.000131901
4/22/2015,529.4,1047.61,44.23,44.15,44.23,529.2,530.7,10,89,378019,25204,529.2,1049.5,1052.5,1052.1,53076,52980,53076,52920,53070,52920,52475,52625,52605,-972,1092,-1044,-1145,900,-900,-1270,580,-1245,-53,-72,-144,-178,-392,201,-125,-320,-57,-305,-0.008065884
4/23/2015,531.73,1053.91,44.45,44.41,44.5,532.65,533.15,15,99,382178,18044,532.65,1060.3,1062.5,1060.1,53340,53292,53400,53265,53315,53265,53015,53125,53005,-1356,1464,-1416,-1510,1350,-1350,-2155,1620,-1755,-46,-6,-66,-691,264,339,-645,-258,-273,-1397,-0.016319939
4/24/2015,535.85,1060.5,44.67,44.62,44.7,535.25,535.75,52,104,379674,29822,535.25,1060,1063.5,1063,53604,53544,53640,53525,53575,53525,53000,53175,53150,-816,1020,-960,-930,830,-880,-1985,1065,-1195,90,14,-80,-965,249,235,-875,-235,-155,-1090,0.013886743
4/27/2015,538.44,1065.62,44.86,44.88,44.96,537.3,538.85,34,127,375482,21931,537.3,1060.3,1069.2,1066.2,53832,53856,53952,53730,53885,53730,53015,53460,53310,-1632,1668,-1752,-1845,1545,-1545,-2140,1585,-1890,-177,-87,-207,-472,-47,138,-295,40,69,-1228,0.002304981
4/28/2015,540.07,1067.01,44.97,44.99,45.07,538.95,539.6,#N/A N/A,107,376266,23109,538.95,1068,1071.9,1068.9,53964,53988,54084,53895,53960,53895,53400,53595,53445,-1908,1884,-1920,-2005,1785,-1785,-2595,1405,-2160,-121,-123,-135,-711,-503,240,-590,-380,-105,-1801,-0.007792307
4/29/2015,535.88,1059.51,44.49,44.41,44.49,531.7,533.75,#N/A N/A,87,375372,20762,533.75,1047.2,1055.9,1055.3,53388,53292,53388,53170,53375,53375,52360,52795,52765,-1080,1224,-1140,-1290,1025,-1265,#VALUE!,#VALUE!,-1375,-66,-55,125,#VALUE!,#VALUE!,235,#VALUE!,#VALUE!,-110,-1073,0.00591886
4/30/2015,530.01,1047.78,43.9,43.89,43.98,525.6,526.95,8,87,374223,51763,526.95,1038.1,1042,1038.7,52680,52668,52776,52560,52695,52695,51905,52100,51935,36,-24,24,-135,-75,-135,-1095,-140,-50,-159,-39,159,-1119,-104,74,-960,-65,85,-452,0.000647434
5/1/2015,528.93,1045.99,44.16,44.15,44.16,528.3,529.85,8,93,377235,23964,528.3,1038.1,1045.7,1045.8,52992,52980,52992,52830,52985,52830,51905,52285,52290,264,-180,276,20,-250,175,#VALUE!,#VALUE!,15,-160,14,101,#VALUE!,#VALUE!,261,#VALUE!,#VALUE!,-160,172,0.009819407
5/4/2015,530.7,1048.2,44.38,44.34,44.38,530.8,531.75,2,93,374527,15767,530.8,1047.1,1057.1,1051.2,53256,53208,53256,53080,53175,53080,52355,52855,52560,-480,552,-456,#VALUE!,#VALUE!,-75,-1180,425,-830,#VALUE!,#VALUE!,-381,-628,-55,374,#VALUE!,#VALUE!,7,-129,-0.002336757
5/5/2015,530.63,1047.93,43.92,43.92,44,525.7,526.95,#N/A N/A,93,376518,28071,526.95,1040,1050.9,1040.3,52704,52704,52800,52570,52695,52695,52000,52545,52015,144,-108,108,-25,-170,45,-795,-55,-155,-133,-26,63,-903,89,263,-770,-63,-200,-125,-5.67E-05
5/6/2015,526.35,1040.44,43.34,43.32,43.36,519.25,520.2,#N/A N/A,93,373096,27015,520.2,1027.1,1037.9,1027.2,52008,51984,52032,51925,52020,52020,51355,51895,51360,792,-684,792,560,-740,645,-390,-480,475,-124,52,147,-1074,312,317,-950,-260,-170,17,-0.005402546
5/7/2015,517.76,1024.91,43.28,43.23,43.32,518.05,519.15,#N/A N/A,93,375323,31173,519.15,1019.4,1027.9,1025,51936,51876,51984,51805,51915,51915,50970,51395,51250,744,-672,672,510,-760,650,260,-970,385,-162,-16,22,-412,-226,287,-250,-210,-265,771,-0.001994226
5/8/2015,524.95,1034.94,43.94,43.82,43.9,526.45,526.95,#N/A N/A,93,377460,28598,526.45,1023.8,1038.7,1039.1,52728,52584,52680,52645,52695,52645,51190,51935,51955,168,24,132,-105,-35,-55,-630,-580,-155,-81,133,187,-606,-412,287,-525,-279,-100,199,0.002797496
5/11/2015,526.16,1036.02,43.52,43.47,43.5,520.4,521.85,#N/A N/A,87,377523,13805,521.85,1026.4,1028.6,1028.4,52224,52164,52200,52040,52185,52185,51320,51430,51420,#VALUE!,#VALUE!,612,#VALUE!,#VALUE!,380,#VALUE!,#VALUE!,380,#VALUE!,#VALUE!,232,#VALUE!,#VALUE!,232,#VALUE!,#VALUE!,0,-45,-0.010020116
5/12/2015,522.06,1029.03,43.4,43.4,43.47,519.55,521.1,#N/A N/A,87,380066,17533,521.1,1020,1039.9,1025.7,52080,52080,52164,51955,52110,52110,51000,51995,51285,-108,60,-48,-260,20,-175,-995,-240,-275,-200,-88,127,-935,-348,227,-735,-260,-100,-40,-0.004006441
5/13/2015,525.15,1033.88,43.51,43.47,43.54,520.85,521.45,#N/A N/A,87,381189,24927,521.1,#N/A N/A,#N/A N/A,1027.8,52212,52164,52248,52085,52145,52110,51005,52045,51390,-60,108,-108,-140,10,-105,#VALUE!,#VALUE!,-365,-32,-50,-3,#VALUE!,#VALUE!,257,#VALUE!,#VALUE!,-254,-558,-0.011201571
5/14/2015,525.49,1035.8,43.92,43.92,44,525.6,526.35,#N/A N/A,87,380826,17016,525.6,1020.1,1040.9,1037.7,52704,52704,52800,52560,52635,52560,51005,52045,51885,-1332,1308,-1332,-1425,1240,-1240,-1645,405,-1545,-117,-92,-92,-337,-927,213,-220,-835,-121,-1174,-0.005080292
5/15/2015,530.65,1043.4,44.37,44.31,44.39,530.05,530.8,#N/A N/A,87,377175,21593,530.05,#N/A N/A,#N/A N/A,1046.1,53244,53172,53268,53005,53080,53005,51675,51930,52305,-2364,2448,-2376,-2310,2000,-2000,#VALUE!,#VALUE!,-2460,138,-364,-376,#VALUE!,#VALUE!,84,#VALUE!,#VALUE!,292,-1951,0.000449975
5/18/2015,529.41,1040.95,43.94,43.92,44,526.7,527.4,#N/A N/A,87,380481,21439,NA,1033.5,1038.6,1034.6,52728,52704,52800,52670,52740,53005,51675,51930,51730,-1932,1992,-2040,#VALUE!,#VALUE!,-2285,-2425,1825,-2000,#VALUE!,#VALUE!,245,-433,-107,-40,#VALUE!,#VALUE!,205,-1804,-0.001447093
5/19/2015,529.38,1040.89,44.04,44.01,44.09,526.7,527.4,#N/A N/A,87,383281,28019,527.4,1035,1041.1,1037.2,52848,52812,52908,52670,52740,52740,51750,52055,51860,-1860,1968,-1932,-2855,1565,-2020,-2120,1705,-1925,-887,-295,88,-152,-155,-7,735,140,81,-1875,-0.005483422
5/20/2015,526.52,1036.1,43.98,43.91,44.02,525.8,526.65,#N/A N/A,87,383079,23800,526.65,1030.1,1036.7,1036.7,52776,52692,52824,52580,52665,52665,51505,51835,51835,-1992,2028,-2004,-2175,1865,-1950,-2210,1540,-2170,-147,-127,-54,-182,-452,166,-35,-325,-112,-1869,-0.008546167
5/21/2015,525.47,1032.7,43.85,43.84,43.88,524.25,525.65,#N/A N/A,87,383240,14344,525.65,1033.1,1038.8,1032.7,52620,52608,52656,52425,52565,52565,51655,51940,51635,-2652,2604,-2556,-2745,2385,-2525,-3070,2410,-2720,-141,-267,-31,-466,-242,164,-325,25,-133,-2198,-0.006633697
5/22/2015,526.94,1037.62,43.96,43.92,44.01,525.9,526.8,40,87,383850,17319,525.9,1026.1,1035.4,1036,52752,52704,52812,52590,52680,52590,51305,51770,51800,-2988,3036,-3024,-3135,2785,-2785,#VALUE!,#VALUE!,-3165,-99,-203,-239,#VALUE!,#VALUE!,141,#VALUE!,#VALUE!,98,-2679,-0.003518944
5/25/2015,525.71,1035.33,NA,NA,NA,518.5,519.35,#N/A N/A,127,383850,344,525.65,#N/A N/A,#N/A N/A,1036,51972,52020,52812,51850,51935,52565,51000,51240,51800,#VALUE!,#VALUE!,-3060,#VALUE!,#VALUE!,-2760,#VALUE!,#VALUE!,-3125,#VALUE!,#VALUE!,-300,#VALUE!,#VALUE!,65,#VALUE!,#VALUE!,235,-2732,-0.006641385
5/26/2015,521.66,1026.45,43.31,43.35,43.43,518.5,519.35,#N/A N/A,127,381942,26854,519.35,1020,1024.8,1020.2,51972,52020,52116,51850,51935,51935,51000,51240,51010,-2688,2616,-2676,-2810,2375,-2460,-3735,2500,-2655,-194,-313,-216,-1119,-188,-21,-925,125,195,-2658,0.008362285
5/27/2015,519.57,1019.09,43.42,43.42,43.45,520.05,520.75,#N/A N/A,127,384233,17414,520.05,1015.2,1025.7,1020.5,52104,52104,52140,52005,52075,52005,50760,51285,51025,-2052,2004,-1980,-2170,1815,-2100,-2285,1665,-1995,-166,-237,120,-281,-387,15,-115,-150,105,-2035,-0.002503906
5/28/2015,513.75,1009.52,42.81,42.83,42.89,512.1,513.2,#N/A N/A,127,385111,31713,513.2,1008,1012,1006.8,51372,51396,51468,51210,51320,51320,50400,50600,50340,-1548,1476,-1524,-1575,1160,-1415,-2050,1445,-1525,-99,-388,-109,-574,-103,1,-475,285,108,-1578,0.004779404
5/29/2015,511.14,1004.22,42.34,42.33,42.41,507.7,510.05,#N/A N/A,127,380692,44742,510.05,996,1007.9,996.9,50808,50796,50892,50770,51005,51005,49800,50395,49845,-936,1008,-1008,-1325,805,-1040,-2645,705,-990,-317,-131,32,-1637,-231,-18,-1320,-100,14,-1079,-0.00891376
6/1/2015,511.37,1002.93,42.31,42.28,42.3,505.65,507.2,#N/A N/A,127,376605,29470,507.2,990.1,997,994.6,50772,50736,50760,50565,50720,50720,49505,49850,49730,-1380,1476,-1356,#VALUE!,#VALUE!,-755,-2850,1505,-1880,#VALUE!,#VALUE!,-601,-1374,125,524,#VALUE!,#VALUE!,77,-1548,-0.00423481
6/2/2015,510.63,999.87,42.46,42.4,42.48,498.85,511.05,#N/A N/A,127,380983,25332,507.2,998.7,1000.9,998.7,50952,50880,50976,49885,51105,50720,49935,50045,49935,-1416,1512,-1500,-1840,320,-1155,-2605,1935,-2150,-328,-1096,-345,-1093,519,650,-765,577,-305,-1684,0.003928796
6/3/2015,507.83,995.83,42.25,42.29,42.35,504.9,507.15,#N/A N/A,127,384058,21007,507.15,992.5,999.3,993.3,50700,50748,50820,50490,50715,50715,49625,49965,49665,-972,1020,-1068,-1195,660,-1150,-2390,875,-1595,-175,-312,82,-1370,-97,527,-1195,215,-445,-1210,
6/4/2015,503.49,988.05,41.63,41.68,41.75,498.2,500.4,#N/A N/A,127,385195,27937,500.4,977.4,984.9,978.3,49956,50016,50100,49820,50040,50040,48870,49245,48915,204,-228,1716,#VALUE!,#VALUE!,-475,-925,175,-345,#VALUE!,#VALUE!,2191,-1153,379,2061,#VALUE!,#VALUE!,130,-349,
6/5/2015,500.15,982.14,41.43,41.43,41.49,495.45,498.05,#N/A N/A,127,387257,37644,498.05,#N/A N/A,#N/A N/A,972.7,49716,49716,49788,49545,49805,49805,47505,48900,48635,48,-60,0,#VALUE!,#VALUE!,10,#VALUE!,#VALUE!,-440,#VALUE!,#VALUE!,-10,#VALUE!,#VALUE!,440,#VALUE!,#VALUE!,-430,-200,
6/8/2015,498.39,977.09,41.41,41.4,41.46,491.25,494.75,,,383836,27851,498.05,950.1,978,973.5,49692,49680,49752,49125,49475,49805,47505,48900,48675,-49680,49692,-49752,#VALUE!,#VALUE!,-49805,-48900,47505,-48675,#VALUE!,#VALUE!,53,792,-2175,-1077,#VALUE!,#VALUE!,-1024,-49839,
6/9/2015,495.08,971.09,41.11,41.13,41.2,491.25,494.75,,,374415,40168,494.75,950.1,970,967.1,49332,49356,49440,49125,49475,49475,47505,48500,48355,-49356,49332,-49440,-49475,49125,-49475,-48500,47505,-48355,-143,-231,35,832,-1851,-1085,-689,-1620,-1050,-49508,
6/10/2015,499.22,977.85,41.71,41.75,41.8,499.05,501.9,,,352559,58523,499.05,980,981.9,980.6,50052,50100,50160,49905,50190,49905,49000,49095,49030,-50100,50052,-50160,-50190,49905,-49905,-49095,49000,-49030,-138,-195,-255,957,-1100,-1130,-819,-905,-875,-49922,
6/11/2015,497.97,976.78,41.54,41.58,41.62,497.45,500.5,,,309394,77718,499.05,971,979.1,976.3,49848,49896,49944,49745,50050,49905,48550,48955,48815,-49896,49848,-49944,-50050,49745,-49905,-48955,48550,-48815,-202,-151,-39,893,-1346,-1129,-691,-1195,-1090,-49797,
6/12/2015,500.35,979.46,41.55,41.5,41.57,496.8,499.65,,,263310,80366,499.65,955,981.9,977.1,49860,49800,49884,49680,49965,49965,47750,49095,48855,-49800,49860,-49884,-49965,49680,-49965,-49095,47750,-48855,-105,-120,81,765,-2050,-1029,-660,-1930,-948,-50035,
6/15/2015,495.89,970.51,41.13,41.08,41.17,492.65,495.65,,,222639,133087,499.65,940,960,957,49356,49296,49404,49265,49565,49965,47000,48000,47850,-49296,49356,-49404,#VALUE!,#VALUE!,-49965,-48000,47000,-47850,#VALUE!,#VALUE!,561,1356,-2296,-1554,#VALUE!,#VALUE!,-993,-49589,
6/16/2015,493.79,965.34,41.22,41.2,41.23,492.65,495.65,,,309786,121184,495.65,948.8,960,955.7,49464,49440,49476,49265,49565,49565,47440,48000,47785,-49440,49464,-49476,-49565,49265,-49565,-48000,47440,-47785,-101,-175,89,1464,-2000,-1691,-1363,-1825,-1602,-49379,
6/17/2015,495.73,969.4,41.48,41.4,41.46,495.2,498.3,,,354283,77708,495.65,951.5,975,961.4,49776,49680,49752,49520,49830,49565,47575,48750,48070,-49680,49776,-49752,-49830,49520,-49565,-48750,47575,-48070,-54,-160,-187,1026,-2105,-1682,-972,-1945,-1495,-49573,
6/18/2015,500,977.61,41.85,41.82,43.18,495.2,498.3,,,362271,33316,495.65,966.4,973.9,971.4,50220,50184,51816,49520,49830,49565,48320,48695,48570,-50184,50220,-51816,#VALUE!,#VALUE!,-49565,-48695,48320,-48570,#VALUE!,#VALUE!,-2251,1525,-1864,-3246,#VALUE!,#VALUE!,-995,-50000,
6/19/2015,498.15,974.56,41.47,41.48,41.49,495.2,498.3,,,362168,16569,498.15,945,974.9,963.9,49764,49776,49788,49520,49830,49815,47250,48745,48195,-49776,49764,-49788,#VALUE!,#VALUE!,-49815,-48745,47250,-48195,#VALUE!,#VALUE!,27,1019,-2526,-1593,#VALUE!,#VALUE!,-1566,-49815,
